"Model","Gene","Coefficient","Estimate","p.val.t.dist","p.val.perm","logi.S.fit.OK"
"wnlm.Q","MAGEL2","Age",0.00627629186007603,0.0462223271798975,0.009,FALSE
"wnlm.Q","TMEM261P1","Age",0.000218901741750383,0.949324782503517,0.938,FALSE
"wnlm.Q","SNHG14","Age",0.00479328417099843,0.133340747102775,0.1652,FALSE
"wnlm.Q","AL132709.5","Age",-0.00224676250174563,0.350860922292133,0.2504,FALSE
"wnlm.Q","RP11-909M7.3","Age",-0.000399981479927213,0.889215494419501,0.8628,FALSE
"wnlm.Q","ZIM2","Age",-0.00684110018046545,0.0833322794568752,0.043,FALSE
"wnlm.Q","NAP1L5","Age",-0.0066063168633211,0.0606326630014384,0.043,FALSE
"wnlm.Q","MEG3","Age",-0.00460896205622907,0.174549404282498,0.2014,FALSE
"wnlm.Q","PEG3","Age",-0.00354331326309895,0.18201290900471,0.1592,FALSE
"wnlm.Q","PWAR6","Age",0.00276576302610101,0.41255912633941,0.3142,FALSE
"wnlm.Q","FAM50B","Age",-0.00101710756549887,0.766233477035476,0.7282,FALSE
"wnlm.Q","NDN","Age",-0.00483340881018188,0.396864895772765,0.2268,FALSE
"wnlm.Q","SNURF","Age",-0.00122117807694708,0.736485896790758,0.7172,FALSE
"wnlm.Q","PEG10","Age",0.000959282117469228,0.638357343219769,0.5344,FALSE
"wnlm.Q","SNRPN","Age",-0.00102673273952693,0.751051101277618,0.7452,FALSE
"wnlm.Q","KCNQ1OT1","Age",-0.00194192414016673,0.557179236987088,0.551,TRUE
"wnlm.Q","ZDBF2","Age",-0.00688284846914976,0.017543530527244,0.0078,FALSE
"wnlm.Q","GRB10","Age",-0.000655507656147945,0.748137565341797,0.7136,TRUE
"wnlm.Q","SNORD116-20","Age",0.00788030828048139,0.211106121703215,0.241,FALSE
"wnlm.Q","KCNK9","Age",0.00763848446059268,0.0125917243227787,0.0042,TRUE
"wnlm.Q","INPP5F","Age",-0.00346344089411626,0.0122872043597151,1e-04,FALSE
"wnlm.Q","RP13-487P22.1","Age",0.0165026529744764,0.229096864163419,0.1638,FALSE
"wnlm.Q","MEST","Age",-0.00265042742196481,0.231561135315151,0.2358,TRUE
"wnlm.Q","ZNF331","Age",-0.00205148126549324,0.304592070518283,0.3014,FALSE
"wnlm.Q","hsa-mir-335","Age",0.0105042836213237,0.10873835360495,0.1488,TRUE
"wnlm.Q","DIRAS3","Age",-0.00460217975117688,0.543204765771788,0.611,FALSE
"wnlm.Q","PWRN1","Age",-0.00194999268257962,0.661130242550187,0.6,TRUE
"wnlm.Q","IGF2","Age",-0.0038069373964741,0.163553550335162,0.1372,TRUE
"wnlm.Q","NLRP2","Age",0.00441852971953292,0.208723305881003,0.1844,FALSE
"wnlm.Q","UBE3A","Age",-0.010669652086413,0.0436072623326872,0.1852,TRUE
"wnlm.Q","MAGEL2","InstitutionPenn",-0.0478572007624264,0.67005424430914,NA,FALSE
"wnlm.Q","TMEM261P1","InstitutionPenn",-0.290622812097194,0.0280390712827217,NA,FALSE
"wnlm.Q","SNHG14","InstitutionPenn",-0.669788607548815,7.7020951124631e-08,NA,FALSE
"wnlm.Q","AL132709.5","InstitutionPenn",0.0519609234849001,0.588294091732295,NA,FALSE
"wnlm.Q","RP11-909M7.3","InstitutionPenn",0.00627933641509704,0.953554611175002,NA,FALSE
"wnlm.Q","ZIM2","InstitutionPenn",-0.377858665231015,0.0363569681524244,NA,FALSE
"wnlm.Q","NAP1L5","InstitutionPenn",-0.504155166047912,0.000794226688020335,NA,FALSE
"wnlm.Q","MEG3","InstitutionPenn",-0.493900347356933,0.000331860833837754,NA,FALSE
"wnlm.Q","PEG3","InstitutionPenn",-0.700715840813059,1.5698822477128e-08,NA,FALSE
"wnlm.Q","PWAR6","InstitutionPenn",-0.800482485635778,8.86517162737274e-09,NA,FALSE
"wnlm.Q","FAM50B","InstitutionPenn",0.142599472298483,0.354918985805413,NA,FALSE
"wnlm.Q","NDN","InstitutionPenn",-0.781166619105753,0.00557953156866299,NA,FALSE
"wnlm.Q","SNURF","InstitutionPenn",-0.40538213493766,0.0193667439855388,NA,FALSE
"wnlm.Q","PEG10","InstitutionPenn",-0.20609191275015,0.00891734960171822,NA,FALSE
"wnlm.Q","SNRPN","InstitutionPenn",-0.469969071235126,0.00237731092207952,NA,FALSE
"wnlm.Q","KCNQ1OT1","InstitutionPenn",-0.533763349211069,2.90109749589771e-06,NA,TRUE
"wnlm.Q","ZDBF2","InstitutionPenn",-0.308978310657521,0.0160113134333798,NA,FALSE
"wnlm.Q","GRB10","InstitutionPenn",-0.163338789293729,0.0588091279996015,NA,TRUE
"wnlm.Q","SNORD116-20","InstitutionPenn",-0.745108997283313,0.00990449357221261,NA,FALSE
"wnlm.Q","KCNK9","InstitutionPenn",-0.215295615980763,0.113220142389594,NA,TRUE
"wnlm.Q","INPP5F","InstitutionPenn",-0.113735511689327,0.072644391405206,NA,FALSE
"wnlm.Q","RP13-487P22.1","InstitutionPenn",-0.498216819411395,0.136964822355243,NA,FALSE
"wnlm.Q","MEST","InstitutionPenn",-0.210719078736687,0.0211272240872027,NA,TRUE
"wnlm.Q","ZNF331","InstitutionPenn",0.23757652745683,0.00635943583867547,NA,FALSE
"wnlm.Q","hsa-mir-335","InstitutionPenn",-0.653984253517082,0.00680241620704482,NA,TRUE
"wnlm.Q","DIRAS3","InstitutionPenn",0.0364626921140688,0.933187200128379,NA,FALSE
"wnlm.Q","PWRN1","InstitutionPenn",0.0336480588591938,0.835567829918797,NA,TRUE
"wnlm.Q","IGF2","InstitutionPenn",-0.249941867079821,0.0353824448592116,NA,TRUE
"wnlm.Q","NLRP2","InstitutionPenn",-0.314791437592352,0.143002465102367,NA,FALSE
"wnlm.Q","UBE3A","InstitutionPenn",-0.194535300149933,0.443070974949061,NA,TRUE
"wnlm.Q","MAGEL2","InstitutionPitt",0.128674631714836,0.304843460856467,NA,FALSE
"wnlm.Q","TMEM261P1","InstitutionPitt",-0.0311687705886819,0.828758631364724,NA,FALSE
"wnlm.Q","SNHG14","InstitutionPitt",0.606373193437575,3.59297733303181e-05,NA,FALSE
"wnlm.Q","AL132709.5","InstitutionPitt",-0.1787594038466,0.0709125190918095,NA,FALSE
"wnlm.Q","RP11-909M7.3","InstitutionPitt",0.0900619039223115,0.434800615391498,NA,FALSE
"wnlm.Q","ZIM2","InstitutionPitt",0.147715845581419,0.392986722443289,NA,FALSE
"wnlm.Q","NAP1L5","InstitutionPitt",0.748828209547509,5.85855444768915e-07,NA,FALSE
"wnlm.Q","MEG3","InstitutionPitt",0.772259171713954,1.34054565659809e-06,NA,FALSE
"wnlm.Q","PEG3","InstitutionPitt",0.316580851645014,0.00789078077001639,NA,FALSE
"wnlm.Q","PWAR6","InstitutionPitt",0.634986125772719,2.75508212026905e-05,NA,FALSE
"wnlm.Q","FAM50B","InstitutionPitt",0.00214394313903343,0.988831125180399,NA,FALSE
"wnlm.Q","NDN","InstitutionPitt",0.0472010812106373,0.844449618710431,NA,FALSE
"wnlm.Q","SNURF","InstitutionPitt",0.482541745524843,0.00280148069029055,NA,FALSE
"wnlm.Q","PEG10","InstitutionPitt",-0.0266664445513177,0.75435974679841,NA,FALSE
"wnlm.Q","SNRPN","InstitutionPitt",0.494799534213881,0.00063772474227721,NA,FALSE
"wnlm.Q","KCNQ1OT1","InstitutionPitt",0.253286480697586,0.147483791603783,NA,TRUE
"wnlm.Q","ZDBF2","InstitutionPitt",0.433171449663506,0.00101960720252182,NA,FALSE
"wnlm.Q","GRB10","InstitutionPitt",0.311151054113215,0.000691927823376792,NA,TRUE
"wnlm.Q","SNORD116-20","InstitutionPitt",0.0724848798317872,0.809547757408957,NA,FALSE
"wnlm.Q","KCNK9","InstitutionPitt",0.280668910926643,0.0275174495520623,NA,TRUE
"wnlm.Q","INPP5F","InstitutionPitt",0.0279410527372335,0.626652457607832,NA,FALSE
"wnlm.Q","RP13-487P22.1","InstitutionPitt",-0.0489138804223778,0.909679226285017,NA,FALSE
"wnlm.Q","MEST","InstitutionPitt",-0.0350556100639027,0.729001929357077,NA,TRUE
"wnlm.Q","ZNF331","InstitutionPitt",0.133417185964265,0.15891666746604,NA,FALSE
"wnlm.Q","hsa-mir-335","InstitutionPitt",-0.186966195344259,0.488148999313055,NA,TRUE
"wnlm.Q","DIRAS3","InstitutionPitt",-0.40886954104508,0.290324145063115,NA,FALSE
"wnlm.Q","PWRN1","InstitutionPitt",-0.436422292597859,0.0563878542867415,NA,TRUE
"wnlm.Q","IGF2","InstitutionPitt",0.322741577392337,0.0205672619173698,NA,TRUE
"wnlm.Q","NLRP2","InstitutionPitt",-0.0976849034380159,0.493583543350791,NA,FALSE
"wnlm.Q","UBE3A","InstitutionPitt",0.445476087172554,0.0836855195126725,NA,TRUE
"wnlm.Q","MAGEL2","GenderMale",0.0343829858741783,0.691479417675567,0.7246,FALSE
"wnlm.Q","TMEM261P1","GenderMale",-0.148439409788169,0.0774007066560266,0.1456,FALSE
"wnlm.Q","SNHG14","GenderMale",-0.136630435821862,0.136241116033083,0.316,FALSE
"wnlm.Q","AL132709.5","GenderMale",0.0509255779818228,0.465585100638491,0.5002,FALSE
"wnlm.Q","RP11-909M7.3","GenderMale",0.0971750999065246,0.214582996113641,0.3256,FALSE
"wnlm.Q","ZIM2","GenderMale",0.114858801909848,0.383264381756478,0.3818,FALSE
"wnlm.Q","NAP1L5","GenderMale",-0.246659817905307,0.022326968623412,0.049,FALSE
"wnlm.Q","MEG3","GenderMale",-0.449468725220517,8.82072464776601e-06,0.0016,FALSE
"wnlm.Q","PEG3","GenderMale",0.240079974366196,0.00506420587905095,0.0154,FALSE
"wnlm.Q","PWAR6","GenderMale",-0.0478973636795257,0.627474890908937,0.6568,FALSE
"wnlm.Q","FAM50B","GenderMale",0.0930694119085761,0.351951190620192,0.3866,FALSE
"wnlm.Q","NDN","GenderMale",-0.375582333336314,0.0175746505830091,0.0158,FALSE
"wnlm.Q","SNURF","GenderMale",-0.0678330749072794,0.539889186459806,0.589,FALSE
"wnlm.Q","PEG10","GenderMale",-0.05469111889444,0.35345868105612,0.3676,FALSE
"wnlm.Q","SNRPN","GenderMale",-0.074676703373378,0.449936941589946,0.5496,FALSE
"wnlm.Q","KCNQ1OT1","GenderMale",-0.303747627107025,0.000388598821594067,0.0174,TRUE
"wnlm.Q","ZDBF2","GenderMale",0.0760452997069434,0.397219198916929,0.4598,FALSE
"wnlm.Q","GRB10","GenderMale",-0.0919052380706815,0.113245702770159,0.1776,TRUE
"wnlm.Q","SNORD116-20","GenderMale",0.0890239711073118,0.648822229697284,0.7192,FALSE
"wnlm.Q","KCNK9","GenderMale",0.000761624002478887,0.992607555852066,0.9956,TRUE
"wnlm.Q","INPP5F","GenderMale",0.00259418577616469,0.950435602153134,0.9414,FALSE
"wnlm.Q","RP13-487P22.1","GenderMale",0.0440668480298659,0.902634064600617,0.934,FALSE
"wnlm.Q","MEST","GenderMale",-0.103963654812593,0.118471982783702,0.2526,TRUE
"wnlm.Q","ZNF331","GenderMale",-0.073516078390316,0.239886737819339,0.3524,FALSE
"wnlm.Q","hsa-mir-335","GenderMale",-0.163783610405946,0.314874911483792,0.623,TRUE
"wnlm.Q","DIRAS3","GenderMale",0.086662100142427,0.754294877684442,0.8046,FALSE
"wnlm.Q","PWRN1","GenderMale",-0.030884577816948,0.810151756454811,0.8242,TRUE
"wnlm.Q","IGF2","GenderMale",-0.111897799231912,0.204165912389166,0.2376,TRUE
"wnlm.Q","NLRP2","GenderMale",0.00657024830102827,0.949722875392977,0.9656,FALSE
"wnlm.Q","UBE3A","GenderMale",0.282768303556209,0.123466118831742,0.381,TRUE
"wnlm.Q","MAGEL2","PMI",-0.00670435354680037,0.107393705746047,NA,FALSE
"wnlm.Q","TMEM261P1","PMI",-0.00788529108369058,0.105185445088314,NA,FALSE
"wnlm.Q","SNHG14","PMI",0.00139213461077489,0.740100723789394,NA,FALSE
"wnlm.Q","AL132709.5","PMI",0.00304803330620759,0.343794260446188,NA,FALSE
"wnlm.Q","RP11-909M7.3","PMI",0.00399335082423714,0.32429676668875,NA,FALSE
"wnlm.Q","ZIM2","PMI",-0.000712221399062978,0.908740858242942,NA,FALSE
"wnlm.Q","NAP1L5","PMI",-0.00498259539706692,0.342909485642976,NA,FALSE
"wnlm.Q","MEG3","PMI",0.00246397237498873,0.556476919070321,NA,FALSE
"wnlm.Q","PEG3","PMI",-0.00529672381242493,0.191638465327462,NA,FALSE
"wnlm.Q","PWAR6","PMI",-0.00722483654025378,0.138581864758624,NA,FALSE
"wnlm.Q","FAM50B","PMI",-0.00313146749004325,0.559256498422603,NA,FALSE
"wnlm.Q","NDN","PMI",-0.0102425155968493,0.141379276427674,NA,FALSE
"wnlm.Q","SNURF","PMI",0.00634868745056124,0.264448631607484,NA,FALSE
"wnlm.Q","PEG10","PMI",-0.00603485551510527,0.0247402708601636,NA,FALSE
"wnlm.Q","SNRPN","PMI",0.00584135058797818,0.248053374658386,NA,FALSE
"wnlm.Q","KCNQ1OT1","PMI",0.00245757563573102,0.481012655968561,NA,TRUE
"wnlm.Q","ZDBF2","PMI",-0.002063795211119,0.628358377694152,NA,FALSE
"wnlm.Q","GRB10","PMI",-0.00235301847222857,0.411083336451258,NA,TRUE
"wnlm.Q","SNORD116-20","PMI",0.00533485301721985,0.614570959000872,NA,FALSE
"wnlm.Q","KCNK9","PMI",0.00130831344606985,0.756353991111576,NA,TRUE
"wnlm.Q","INPP5F","PMI",0.000305139243756702,0.8811331640936,NA,FALSE
"wnlm.Q","RP13-487P22.1","PMI",-0.00818303535941172,0.58650986079227,NA,FALSE
"wnlm.Q","MEST","PMI",-0.00395531827172324,0.215534711100075,NA,TRUE
"wnlm.Q","ZNF331","PMI",-0.00516908192729477,0.0791595407549924,NA,FALSE
"wnlm.Q","hsa-mir-335","PMI",-0.011942678401215,0.165568776813118,NA,TRUE
"wnlm.Q","DIRAS3","PMI",-0.00187853205622279,0.889966325576343,NA,FALSE
"wnlm.Q","PWRN1","PMI",0.0102063522726986,0.0728755134321781,NA,TRUE
"wnlm.Q","IGF2","PMI",-0.00196612921431441,0.599982892089329,NA,TRUE
"wnlm.Q","NLRP2","PMI",-0.00119028168264435,0.831568409362266,NA,FALSE
"wnlm.Q","UBE3A","PMI",0.0144562923877492,0.107471394853332,NA,TRUE
"wnlm.Q","MAGEL2","DxSCZ",0.15380432440789,0.0822857111569504,0.11,FALSE
"wnlm.Q","TMEM261P1","DxSCZ",0.185496137715164,0.0550878435634438,0.0708,FALSE
"wnlm.Q","SNHG14","DxSCZ",-0.0326652759259196,0.743755071050608,0.8042,FALSE
"wnlm.Q","AL132709.5","DxSCZ",-0.0213526642372394,0.772781791128829,0.7958,FALSE
"wnlm.Q","RP11-909M7.3","DxSCZ",-0.310703836302283,0.000267428279211366,0.0018,FALSE
"wnlm.Q","ZIM2","DxSCZ",0.150118344787312,0.291824676167505,0.2698,FALSE
"wnlm.Q","NAP1L5","DxSCZ",0.114621633565455,0.311663425229599,0.3912,FALSE
"wnlm.Q","MEG3","DxSCZ",-0.106641894378753,0.310914587190292,0.4524,FALSE
"wnlm.Q","PEG3","DxSCZ",0.031311124265594,0.722786032938327,0.7594,FALSE
"wnlm.Q","PWAR6","DxSCZ",-0.0529522947663192,0.616657446158456,0.6202,FALSE
"wnlm.Q","FAM50B","DxSCZ",-0.143403992163994,0.187646156660833,0.1822,FALSE
"wnlm.Q","NDN","DxSCZ",0.288899514016939,0.128075227208358,0.0602,FALSE
"wnlm.Q","SNURF","DxSCZ",-0.116000202037326,0.346994238935843,0.3734,FALSE
"wnlm.Q","PEG10","DxSCZ",0.145555240864572,0.0178440834684363,0.0214,FALSE
"wnlm.Q","SNRPN","DxSCZ",-0.0997715391487601,0.364309713639892,0.437,FALSE
"wnlm.Q","KCNQ1OT1","DxSCZ",0.147034744320512,0.11586135551898,0.249,TRUE
"wnlm.Q","ZDBF2","DxSCZ",-0.0305974297662538,0.741042969868773,0.7642,FALSE
"wnlm.Q","GRB10","DxSCZ",0.025490630545544,0.694573697804246,0.714,TRUE
"wnlm.Q","SNORD116-20","DxSCZ",-0.0555884735863175,0.802095649167254,0.8436,FALSE
"wnlm.Q","KCNK9","DxSCZ",0.0295574367940823,0.764650897420309,0.7684,TRUE
"wnlm.Q","INPP5F","DxSCZ",-0.041479275491203,0.33781780347667,0.2842,FALSE
"wnlm.Q","RP13-487P22.1","DxSCZ",0.352984277313776,0.311531147534594,0.4494,FALSE
"wnlm.Q","MEST","DxSCZ",0.287108806285806,3.04917311102435e-05,4e-04,TRUE
"wnlm.Q","ZNF331","DxSCZ",0.0710283317810733,0.286348139858172,0.3714,FALSE
"wnlm.Q","hsa-mir-335","DxSCZ",-0.287003452570834,0.0761414945357511,0.3516,TRUE
"wnlm.Q","DIRAS3","DxSCZ",0.37899473286018,0.285128884069802,0.2928,FALSE
"wnlm.Q","PWRN1","DxSCZ",-0.11863310089611,0.386332219865925,0.424,TRUE
"wnlm.Q","IGF2","DxSCZ",0.156813793475442,0.135057104596832,0.1216,TRUE
"wnlm.Q","NLRP2","DxSCZ",-0.197420196870402,0.123225539941405,0.1398,FALSE
"wnlm.Q","UBE3A","DxSCZ",-0.808331408601375,0.000367660487387179,0.007,TRUE
"wnlm.Q","MAGEL2","DxAFF",0.101804747029729,0.466692323801891,0.4988,FALSE
"wnlm.Q","TMEM261P1","DxAFF",0.0976724908388073,0.511138556851105,0.5304,FALSE
"wnlm.Q","SNHG14","DxAFF",-0.187862569637309,0.331539482661787,0.4458,FALSE
"wnlm.Q","AL132709.5","DxAFF",0.200861923044324,0.0770598292015664,0.1104,FALSE
"wnlm.Q","RP11-909M7.3","DxAFF",-0.11995447937009,0.340775370007067,0.5434,FALSE
"wnlm.Q","ZIM2","DxAFF",0.31143010839665,0.110472556879953,0.1668,FALSE
"wnlm.Q","NAP1L5","DxAFF",-0.280610139291201,0.127397272759441,0.243,FALSE
"wnlm.Q","MEG3","DxAFF",-0.290483454644165,0.128847770143331,0.234,FALSE
"wnlm.Q","PEG3","DxAFF",0.0168948104428907,0.906162252217765,0.8784,FALSE
"wnlm.Q","PWAR6","DxAFF",-0.180443303557236,0.360872582424282,0.3304,FALSE
"wnlm.Q","FAM50B","DxAFF",-0.0013836076597776,0.993375647995822,0.9962,FALSE
"wnlm.Q","NDN","DxAFF",0.329249262048218,0.179233620975335,0.2086,FALSE
"wnlm.Q","SNURF","DxAFF",-0.124847648884842,0.554210601362597,0.5678,FALSE
"wnlm.Q","PEG10","DxAFF",0.0249542454784316,0.803231281033944,0.8118,FALSE
"wnlm.Q","SNRPN","DxAFF",-0.140640604265622,0.455576475912373,0.5212,FALSE
"wnlm.Q","KCNQ1OT1","DxAFF",0.168581824866614,0.439692521569441,0.4076,TRUE
"wnlm.Q","ZDBF2","DxAFF",-0.174733880645524,0.241630336350136,0.323,FALSE
"wnlm.Q","GRB10","DxAFF",-0.0259860922742402,0.804413136649007,0.8386,TRUE
"wnlm.Q","SNORD116-20","DxAFF",0.129570269690047,0.734650079487335,0.7308,FALSE
"wnlm.Q","KCNK9","DxAFF",-0.0361283851814464,0.783293071054089,0.8782,TRUE
"wnlm.Q","INPP5F","DxAFF",0.00317521209316183,0.961694502717281,0.959,FALSE
"wnlm.Q","RP13-487P22.1","DxAFF",-0.722018676742705,0.474719375475763,0.390160298417179,FALSE
"wnlm.Q","MEST","DxAFF",0.0716563169839271,0.544663136658482,0.5064,TRUE
"wnlm.Q","ZNF331","DxAFF",0.0343058966616175,0.73517975880238,0.7224,FALSE
"wnlm.Q","hsa-mir-335","DxAFF",-0.222259109074259,0.512032523679492,0.7286,TRUE
"wnlm.Q","DIRAS3","DxAFF",-1.20956694564018,0.310149002869119,0.0649271844660194,FALSE
"wnlm.Q","PWRN1","DxAFF",-0.47864136402789,0.0719882885181067,0.064,TRUE
"wnlm.Q","IGF2","DxAFF",-0.0727081615629381,0.631995205983662,0.6766,TRUE
"wnlm.Q","NLRP2","DxAFF",0.182611904423805,0.250866842689983,0.4394,FALSE
"wnlm.Q","UBE3A","DxAFF",-0.260951381133375,0.339118136927818,0.6416,TRUE
"wnlm.Q","MAGEL2","RIN",0.0883520753323767,0.148747356206723,NA,FALSE
"wnlm.Q","TMEM261P1","RIN",-0.167509150037462,0.00120767615294794,NA,FALSE
"wnlm.Q","SNHG14","RIN",0.0946566312063508,0.123749661893375,NA,FALSE
"wnlm.Q","AL132709.5","RIN",0.274115907409916,7.55113373820613e-09,NA,FALSE
"wnlm.Q","RP11-909M7.3","RIN",0.0618128142410066,0.227152759893888,NA,FALSE
"wnlm.Q","ZIM2","RIN",0.0355406711687514,0.677074100555183,NA,FALSE
"wnlm.Q","NAP1L5","RIN",0.370078630253752,2.01135887934576e-07,NA,FALSE
"wnlm.Q","MEG3","RIN",-0.295571239408417,2.77632138643004e-06,NA,FALSE
"wnlm.Q","PEG3","RIN",0.139686373397342,0.0150548845156798,NA,FALSE
"wnlm.Q","PWAR6","RIN",0.0584503800730532,0.393819371551048,NA,FALSE
"wnlm.Q","FAM50B","RIN",0.301086788747865,0.000154299927372293,NA,FALSE
"wnlm.Q","NDN","RIN",0.272269404591618,0.0406888291763463,NA,FALSE
"wnlm.Q","SNURF","RIN",0.479542916311853,1.41560644490847e-08,NA,FALSE
"wnlm.Q","PEG10","RIN",0.045018210681275,0.219449873376166,NA,FALSE
"wnlm.Q","SNRPN","RIN",0.463495749611086,7.84516047389771e-10,NA,FALSE
"wnlm.Q","KCNQ1OT1","RIN",-0.414609205023149,5.4582976250291e-13,NA,TRUE
"wnlm.Q","ZDBF2","RIN",0.150623886402433,0.0138590766313984,NA,FALSE
"wnlm.Q","GRB10","RIN",-0.0353140169311535,0.374578833775034,NA,TRUE
"wnlm.Q","SNORD116-20","RIN",0.232716277174417,0.0901279701960811,NA,FALSE
"wnlm.Q","KCNK9","RIN",-0.082649225906764,0.136142941599859,NA,TRUE
"wnlm.Q","INPP5F","RIN",0.166174354841658,5.57112499220516e-08,NA,FALSE
"wnlm.Q","RP13-487P22.1","RIN",-0.435576219448807,0.0203647273555107,NA,FALSE
"wnlm.Q","MEST","RIN",0.0098449076892573,0.808335297716611,NA,TRUE
"wnlm.Q","ZNF331","RIN",0.380042507465829,7.18018983877722e-17,NA,FALSE
"wnlm.Q","hsa-mir-335","RIN",0.0899810690441529,0.426682325520244,NA,TRUE
"wnlm.Q","DIRAS3","RIN",0.414849729636029,0.213143387326998,NA,FALSE
"wnlm.Q","PWRN1","RIN",0.241081403665214,0.00507886089101412,NA,TRUE
"wnlm.Q","IGF2","RIN",-0.0179787989377205,0.74592497806632,NA,TRUE
"wnlm.Q","NLRP2","RIN",0.116363299494264,0.147137680367382,NA,FALSE
"wnlm.Q","UBE3A","RIN",-0.292724766137841,0.0238405895766161,NA,TRUE
"wnlm.Q","MAGEL2","RNA_batchB",0.0334034281913653,0.849566883329926,NA,FALSE
"wnlm.Q","TMEM261P1","RNA_batchB",-0.112871914729678,0.657863824208728,NA,FALSE
"wnlm.Q","SNHG14","RNA_batchB",0.143004722312594,0.41227607852456,NA,FALSE
"wnlm.Q","AL132709.5","RNA_batchB",0.0331352034677117,0.797253776446302,NA,FALSE
"wnlm.Q","RP11-909M7.3","RNA_batchB",0.150255858582859,0.324233309470419,NA,FALSE
"wnlm.Q","ZIM2","RNA_batchB",-0.496690314965615,0.0500217632147181,NA,FALSE
"wnlm.Q","NAP1L5","RNA_batchB",0.172504992184038,0.346673454351397,NA,FALSE
"wnlm.Q","MEG3","RNA_batchB",-0.30701976901505,0.107374950652528,NA,FALSE
"wnlm.Q","PEG3","RNA_batchB",-0.24499250501075,0.107133608834978,NA,FALSE
"wnlm.Q","PWAR6","RNA_batchB",-0.444036299571995,0.0194860447850808,NA,FALSE
"wnlm.Q","FAM50B","RNA_batchB",0.157264196854638,0.352275599158597,NA,FALSE
"wnlm.Q","NDN","RNA_batchB",-0.288828671507812,0.498129977833328,NA,FALSE
"wnlm.Q","SNURF","RNA_batchB",-0.255480942106129,0.216836238636738,NA,FALSE
"wnlm.Q","PEG10","RNA_batchB",-0.0374353501225971,0.733879175705447,NA,FALSE
"wnlm.Q","SNRPN","RNA_batchB",-0.339113644877139,0.0670846463873622,NA,FALSE
"wnlm.Q","KCNQ1OT1","RNA_batchB",-0.356144337391072,0.0317619144635211,NA,TRUE
"wnlm.Q","ZDBF2","RNA_batchB",0.0973079177078359,0.536378982773883,NA,FALSE
"wnlm.Q","GRB10","RNA_batchB",-0.152156456340095,0.189377563642332,NA,TRUE
"wnlm.Q","SNORD116-20","RNA_batchB",0.555007623172312,0.271713309548518,NA,FALSE
"wnlm.Q","KCNK9","RNA_batchB",0.106201310274808,0.502126121346271,NA,TRUE
"wnlm.Q","INPP5F","RNA_batchB",0.0133941950127247,0.856342700960915,NA,FALSE
"wnlm.Q","RP13-487P22.1","RNA_batchB",-0.0294412492762229,0.951128448174521,NA,FALSE
"wnlm.Q","MEST","RNA_batchB",0.0504205693872375,0.66988350016662,NA,TRUE
"wnlm.Q","ZNF331","RNA_batchB",-0.169204380311822,0.144340877612558,NA,FALSE
"wnlm.Q","hsa-mir-335","RNA_batchB",0.251640394026774,0.363575448585143,NA,TRUE
"wnlm.Q","DIRAS3","RNA_batchB",-2.01707656856737,0.0146765305410089,NA,FALSE
"wnlm.Q","PWRN1","RNA_batchB",0.535732594961881,0.0385543199667451,NA,TRUE
"wnlm.Q","IGF2","RNA_batchB",-0.0237977477440348,0.870214964292538,NA,TRUE
"wnlm.Q","NLRP2","RNA_batchB",-0.26618394859484,0.256707618550183,NA,FALSE
"wnlm.Q","UBE3A","RNA_batchB",0.602512703935289,0.232457237101284,NA,TRUE
"wnlm.Q","MAGEL2","RNA_batchC",0.327944444062649,0.113552267647728,NA,FALSE
"wnlm.Q","TMEM261P1","RNA_batchC",-0.175750500653116,0.552920677176939,NA,FALSE
"wnlm.Q","SNHG14","RNA_batchC",0.297325104217425,0.141891168835932,NA,FALSE
"wnlm.Q","AL132709.5","RNA_batchC",0.118361484245417,0.39839584722467,NA,FALSE
"wnlm.Q","RP11-909M7.3","RNA_batchC",0.394912050633172,0.0157756664708601,NA,FALSE
"wnlm.Q","ZIM2","RNA_batchC",-0.405130913126657,0.15718933591188,NA,FALSE
"wnlm.Q","NAP1L5","RNA_batchC",0.339918047727245,0.112748360650481,NA,FALSE
"wnlm.Q","MEG3","RNA_batchC",0.128802280415918,0.551492706296642,NA,FALSE
"wnlm.Q","PEG3","RNA_batchC",0.0104559257393761,0.952768841617394,NA,FALSE
"wnlm.Q","PWAR6","RNA_batchC",-0.15194266167491,0.4883548581598,NA,FALSE
"wnlm.Q","FAM50B","RNA_batchC",-0.0409852337785073,0.855309942973019,NA,FALSE
"wnlm.Q","NDN","RNA_batchC",-0.505637734414902,0.269883409801779,NA,FALSE
"wnlm.Q","SNURF","RNA_batchC",0.156781706546213,0.564381082760164,NA,FALSE
"wnlm.Q","PEG10","RNA_batchC",0.0965034340424835,0.415286778532824,NA,FALSE
"wnlm.Q","SNRPN","RNA_batchC",-0.035584223206795,0.884442882347076,NA,FALSE
"wnlm.Q","KCNQ1OT1","RNA_batchC",-0.0890041833180516,0.622651247290328,NA,TRUE
"wnlm.Q","ZDBF2","RNA_batchC",-0.0689357210273893,0.709934297357286,NA,FALSE
"wnlm.Q","GRB10","RNA_batchC",0.0109309004344865,0.933605611052229,NA,TRUE
"wnlm.Q","SNORD116-20","RNA_batchC",1.16681099608784,0.0308455623520402,NA,FALSE
"wnlm.Q","KCNK9","RNA_batchC",0.0313087215350292,0.866982675284222,NA,TRUE
"wnlm.Q","INPP5F","RNA_batchC",-0.0105487014012252,0.902586476096141,NA,FALSE
"wnlm.Q","RP13-487P22.1","RNA_batchC",-1.00602920387008,0.103879225153705,NA,FALSE
"wnlm.Q","MEST","RNA_batchC",-0.0243553598476494,0.847766546470653,NA,TRUE
"wnlm.Q","ZNF331","RNA_batchC",-0.0404969846907478,0.751292807080071,NA,FALSE
"wnlm.Q","hsa-mir-335","RNA_batchC",0.246359764638205,0.421615754203264,NA,TRUE
"wnlm.Q","DIRAS3","RNA_batchC",-1.40477264983967,0.0834760834548484,NA,FALSE
"wnlm.Q","PWRN1","RNA_batchC",-0.0593013526778735,0.811239874879715,NA,TRUE
"wnlm.Q","IGF2","RNA_batchC",0.328865273949663,0.0587160388653318,NA,TRUE
"wnlm.Q","NLRP2","RNA_batchC",0.0352564537428186,0.899152902713338,NA,FALSE
"wnlm.Q","UBE3A","RNA_batchC",0.229664898918483,0.675091122852887,NA,TRUE
"wnlm.Q","MAGEL2","RNA_batchD",0.315882538573533,0.081494001501703,NA,FALSE
"wnlm.Q","TMEM261P1","RNA_batchD",0.123145254990588,0.62383277138373,NA,FALSE
"wnlm.Q","SNHG14","RNA_batchD",0.193415215249835,0.2741759079494,NA,FALSE
"wnlm.Q","AL132709.5","RNA_batchD",0.154258508785448,0.269778629238088,NA,FALSE
"wnlm.Q","RP11-909M7.3","RNA_batchD",0.0974649666987859,0.563015385360371,NA,FALSE
"wnlm.Q","ZIM2","RNA_batchD",-0.457910757461176,0.0849841075695096,NA,FALSE
"wnlm.Q","NAP1L5","RNA_batchD",-0.431504808031708,0.0358774283452043,NA,FALSE
"wnlm.Q","MEG3","RNA_batchD",0.115543343395189,0.558321203245467,NA,FALSE
"wnlm.Q","PEG3","RNA_batchD",-0.158736685124397,0.302466287240035,NA,FALSE
"wnlm.Q","PWAR6","RNA_batchD",-0.30582085983141,0.122563270116017,NA,FALSE
"wnlm.Q","FAM50B","RNA_batchD",-0.309175905846979,0.0855817675802446,NA,FALSE
"wnlm.Q","NDN","RNA_batchD",-0.5253047503261,0.253959753639791,NA,FALSE
"wnlm.Q","SNURF","RNA_batchD",-0.233295701227721,0.273878043659403,NA,FALSE
"wnlm.Q","PEG10","RNA_batchD",0.0328913037233707,0.774144933954639,NA,FALSE
"wnlm.Q","SNRPN","RNA_batchD",-0.29420374199709,0.123410706632605,NA,FALSE
"wnlm.Q","KCNQ1OT1","RNA_batchD",0.112309284631223,0.509325840359665,NA,TRUE
"wnlm.Q","ZDBF2","RNA_batchD",0.0774505363199972,0.630135049499082,NA,FALSE
"wnlm.Q","GRB10","RNA_batchD",-0.0678986248532179,0.576120109340812,NA,TRUE
"wnlm.Q","SNORD116-20","RNA_batchD",0.232760967172396,0.647479010753538,NA,FALSE
"wnlm.Q","KCNK9","RNA_batchD",-0.00746071265487134,0.966231103800256,NA,TRUE
"wnlm.Q","INPP5F","RNA_batchD",-0.0722948140545856,0.349411369757219,NA,FALSE
"wnlm.Q","RP13-487P22.1","RNA_batchD",0.228706729152809,0.652155369825421,NA,FALSE
"wnlm.Q","MEST","RNA_batchD",-0.100319771947828,0.413904226786135,NA,TRUE
"wnlm.Q","ZNF331","RNA_batchD",-0.343687520012183,0.00523178118132608,NA,FALSE
"wnlm.Q","hsa-mir-335","RNA_batchD",-0.306306438081535,0.28743378607687,NA,TRUE
"wnlm.Q","DIRAS3","RNA_batchD",-1.65051887111032,0.0742248229715264,NA,FALSE
"wnlm.Q","PWRN1","RNA_batchD",0.356847882571382,0.171180568232506,NA,TRUE
"wnlm.Q","IGF2","RNA_batchD",0.377960761513793,0.0116071112004906,NA,TRUE
"wnlm.Q","NLRP2","RNA_batchD",-0.136188901610132,0.579541296007894,NA,FALSE
"wnlm.Q","UBE3A","RNA_batchD",1.18392419974779,0.0241878336292895,NA,TRUE
"wnlm.Q","MAGEL2","RNA_batchE",0.222529133680176,0.193400839364494,NA,FALSE
"wnlm.Q","TMEM261P1","RNA_batchE",0.085143328489868,0.726565829092639,NA,FALSE
"wnlm.Q","SNHG14","RNA_batchE",0.131576422320838,0.458107070973851,NA,FALSE
"wnlm.Q","AL132709.5","RNA_batchE",0.270069330091355,0.0373771640758221,NA,FALSE
"wnlm.Q","RP11-909M7.3","RNA_batchE",0.278127265389222,0.0644592653357997,NA,FALSE
"wnlm.Q","ZIM2","RNA_batchE",-0.251720379815406,0.308383499134282,NA,FALSE
"wnlm.Q","NAP1L5","RNA_batchE",0.435192118975868,0.0362379856716013,NA,FALSE
"wnlm.Q","MEG3","RNA_batchE",0.117881053902449,0.53280245443804,NA,FALSE
"wnlm.Q","PEG3","RNA_batchE",-0.230842516669061,0.138424710701077,NA,FALSE
"wnlm.Q","PWAR6","RNA_batchE",-0.172969669960521,0.373271007378,NA,FALSE
"wnlm.Q","FAM50B","RNA_batchE",0.14437460429514,0.416463128467841,NA,FALSE
"wnlm.Q","NDN","RNA_batchE",-0.0558462900232156,0.898870919645429,NA,FALSE
"wnlm.Q","SNURF","RNA_batchE",0.214862393242707,0.310389577389064,NA,FALSE
"wnlm.Q","PEG10","RNA_batchE",-0.0291831574145241,0.791470721147032,NA,FALSE
"wnlm.Q","SNRPN","RNA_batchE",0.143886090913852,0.446270978181653,NA,FALSE
"wnlm.Q","KCNQ1OT1","RNA_batchE",-0.140978775168549,0.43185646151485,NA,TRUE
"wnlm.Q","ZDBF2","RNA_batchE",0.26488326761758,0.0880909723105387,NA,FALSE
"wnlm.Q","GRB10","RNA_batchE",0.0346287225051866,0.763883506542207,NA,TRUE
"wnlm.Q","SNORD116-20","RNA_batchE",-0.178595613461183,0.713941679689634,NA,FALSE
"wnlm.Q","KCNK9","RNA_batchE",0.092857270194184,0.538269044578512,NA,TRUE
"wnlm.Q","INPP5F","RNA_batchE",0.0455190609985364,0.532501272038542,NA,FALSE
"wnlm.Q","RP13-487P22.1","RNA_batchE",-0.183963361942831,0.72744246537802,NA,FALSE
"wnlm.Q","MEST","RNA_batchE",0.0631863425446577,0.584256652459149,NA,TRUE
"wnlm.Q","ZNF331","RNA_batchE",0.0298573869776737,0.79351751309706,NA,FALSE
"wnlm.Q","hsa-mir-335","RNA_batchE",0.0319070359869537,0.911980789479463,NA,TRUE
"wnlm.Q","DIRAS3","RNA_batchE",-1.54604827942973,0.0590465805901745,NA,FALSE
"wnlm.Q","PWRN1","RNA_batchE",0.535354519240132,0.0332213848222087,NA,TRUE
"wnlm.Q","IGF2","RNA_batchE",0.270419620291642,0.0679810845713118,NA,TRUE
"wnlm.Q","NLRP2","RNA_batchE",-0.168715506926586,0.450508293279538,NA,FALSE
"wnlm.Q","UBE3A","RNA_batchE",0.364419478552307,0.477632526415646,NA,TRUE
"wnlm.Q","MAGEL2","RNA_batchF",0.394518358344125,0.0175536632238117,NA,FALSE
"wnlm.Q","TMEM261P1","RNA_batchF",-0.00217276539281719,0.992934269997639,NA,FALSE
"wnlm.Q","SNHG14","RNA_batchF",0.324456296983435,0.0634906424204578,NA,FALSE
"wnlm.Q","AL132709.5","RNA_batchF",0.276720162120229,0.0349948695152064,NA,FALSE
"wnlm.Q","RP11-909M7.3","RNA_batchF",0.432218198640013,0.00440153215515867,NA,FALSE
"wnlm.Q","ZIM2","RNA_batchF",-0.336600492665272,0.170790907533325,NA,FALSE
"wnlm.Q","NAP1L5","RNA_batchF",0.230440532585686,0.260957572891418,NA,FALSE
"wnlm.Q","MEG3","RNA_batchF",-0.0948076648984017,0.619313591709468,NA,FALSE
"wnlm.Q","PEG3","RNA_batchF",-0.00407158377936175,0.978886059940685,NA,FALSE
"wnlm.Q","PWAR6","RNA_batchF",-0.0742828648049458,0.703987924972794,NA,FALSE
"wnlm.Q","FAM50B","RNA_batchF",0.426434139758214,0.012801457561973,NA,FALSE
"wnlm.Q","NDN","RNA_batchF",-0.127398528289346,0.753450107954419,NA,FALSE
"wnlm.Q","SNURF","RNA_batchF",0.331384199423947,0.120893116719558,NA,FALSE
"wnlm.Q","PEG10","RNA_batchF",0.131797953258927,0.227044171790521,NA,FALSE
"wnlm.Q","SNRPN","RNA_batchF",0.26661239288184,0.160673888716291,NA,FALSE
"wnlm.Q","KCNQ1OT1","RNA_batchF",0.113288193364153,0.504861333043452,NA,TRUE
"wnlm.Q","ZDBF2","RNA_batchF",0.209446881000991,0.19767862359709,NA,FALSE
"wnlm.Q","GRB10","RNA_batchF",0.0711769419026512,0.534663528226984,NA,TRUE
"wnlm.Q","SNORD116-20","RNA_batchF",0.487022367087008,0.322373811137958,NA,FALSE
"wnlm.Q","KCNK9","RNA_batchF",0.114860370231009,0.437956666382158,NA,TRUE
"wnlm.Q","INPP5F","RNA_batchF",0.0556919578017637,0.466668667598237,NA,FALSE
"wnlm.Q","RP13-487P22.1","RNA_batchF",-0.235223243930526,0.726634089109522,NA,FALSE
"wnlm.Q","MEST","RNA_batchF",0.149072021875873,0.192980131896411,NA,TRUE
"wnlm.Q","ZNF331","RNA_batchF",-0.100671876588119,0.388884069083811,NA,FALSE
"wnlm.Q","hsa-mir-335","RNA_batchF",0.137149117279782,0.621938753684663,NA,TRUE
"wnlm.Q","DIRAS3","RNA_batchF",-1.06368879295916,0.125670309378086,NA,FALSE
"wnlm.Q","PWRN1","RNA_batchF",0.185160146369386,0.457737007196476,NA,TRUE
"wnlm.Q","IGF2","RNA_batchF",0.217835917226149,0.126260357631997,NA,TRUE
"wnlm.Q","NLRP2","RNA_batchF",-0.287967147987808,0.228340737402358,NA,FALSE
"wnlm.Q","UBE3A","RNA_batchF",-0.368921375528399,0.526337448696879,NA,TRUE
"wnlm.Q","MAGEL2","RNA_batchG",0.743693677778889,0.000216241976451258,NA,FALSE
"wnlm.Q","TMEM261P1","RNA_batchG",0.0809471863258173,0.771930476288899,NA,FALSE
"wnlm.Q","SNHG14","RNA_batchG",0.383573559963673,0.210201392161555,NA,FALSE
"wnlm.Q","AL132709.5","RNA_batchG",0.512449272971041,0.00264878660097804,NA,FALSE
"wnlm.Q","RP11-909M7.3","RNA_batchG",0.334701604405646,0.0962147502163077,NA,FALSE
"wnlm.Q","ZIM2","RNA_batchG",0.205534075840237,0.522331058535261,NA,FALSE
"wnlm.Q","NAP1L5","RNA_batchG",0.10016008273831,0.716081174900753,NA,FALSE
"wnlm.Q","MEG3","RNA_batchG",0.140476892875272,0.626831426364604,NA,FALSE
"wnlm.Q","PEG3","RNA_batchG",0.136971508546451,0.560851050039459,NA,FALSE
"wnlm.Q","PWAR6","RNA_batchG",-0.18207497278573,0.533469686886916,NA,FALSE
"wnlm.Q","FAM50B","RNA_batchG",0.427591369699355,0.0319128266559452,NA,FALSE
"wnlm.Q","NDN","RNA_batchG",0.181404550020775,0.67845234785693,NA,FALSE
"wnlm.Q","SNURF","RNA_batchG",0.0722109508704444,0.806450571904509,NA,FALSE
"wnlm.Q","PEG10","RNA_batchG",0.210188161630052,0.221594558338452,NA,FALSE
"wnlm.Q","SNRPN","RNA_batchG",0.0568200293921945,0.829920176536309,NA,FALSE
"wnlm.Q","KCNQ1OT1","RNA_batchG",-0.226615031996057,0.419496153718291,NA,TRUE
"wnlm.Q","ZDBF2","RNA_batchG",0.304879151993319,0.266955683698784,NA,FALSE
"wnlm.Q","GRB10","RNA_batchG",0.491659716278487,0.00299966522279639,NA,TRUE
"wnlm.Q","SNORD116-20","RNA_batchG",-0.0532154368044213,0.945335456273608,NA,FALSE
"wnlm.Q","KCNK9","RNA_batchG",0.269671023434399,0.163910105699876,NA,TRUE
"wnlm.Q","INPP5F","RNA_batchG",0.123602139776382,0.289818567977953,NA,FALSE
"wnlm.Q","RP13-487P22.1","RNA_batchG",0.97340309621855,0.373919304023455,NA,FALSE
"wnlm.Q","MEST","RNA_batchG",-0.00114835707515782,0.995392186418278,NA,TRUE
"wnlm.Q","ZNF331","RNA_batchG",-0.117561445326807,0.496027118139177,NA,FALSE
"wnlm.Q","hsa-mir-335","RNA_batchG",-0.15782497490385,0.686189452706821,NA,TRUE
"wnlm.Q","DIRAS3","RNA_batchG",-1.72685191473722,0.0723828030514686,NA,FALSE
"wnlm.Q","PWRN1","RNA_batchG",0.420508737701912,0.224584030581334,NA,TRUE
"wnlm.Q","IGF2","RNA_batchG",0.00172886041320051,0.992430332463702,NA,TRUE
"wnlm.Q","NLRP2","RNA_batchG",-0.264076890832735,0.356316534013822,NA,FALSE
"wnlm.Q","UBE3A","RNA_batchG",0.483381823697715,0.506949308656769,NA,TRUE
"wnlm.Q","MAGEL2","RNA_batchH",-0.587528322516788,0.45724855565024,NA,FALSE
"wnlm.Q","TMEM261P1","RNA_batchH",-0.0798557154498004,0.878739388640589,NA,FALSE
"wnlm.Q","SNHG14","RNA_batchH",-0.898114477486793,0.0671330303897218,NA,FALSE
"wnlm.Q","AL132709.5","RNA_batchH",-0.409201944022331,0.363117836585473,NA,FALSE
"wnlm.Q","RP11-909M7.3","RNA_batchH",-0.355208922535681,0.464960928809829,NA,FALSE
"wnlm.Q","ZIM2","RNA_batchH",-0.682952239475171,0.242343976357245,NA,FALSE
"wnlm.Q","NAP1L5","RNA_batchH",-0.205370223225213,0.483968080302147,NA,FALSE
"wnlm.Q","MEG3","RNA_batchH",0.0974177743131984,0.852502214600609,NA,FALSE
"wnlm.Q","PEG3","RNA_batchH",0.168368129615003,0.635796466585373,NA,FALSE
"wnlm.Q","PWAR6","RNA_batchH",-0.865396875796773,0.0248054309920185,NA,FALSE
"wnlm.Q","FAM50B","RNA_batchH",-0.568053444389003,0.206568987375472,NA,FALSE
"wnlm.Q","NDN","RNA_batchH",-0.257566692988867,0.779554090977444,NA,FALSE
"wnlm.Q","SNURF","RNA_batchH",-0.84369559403309,0.0275604133280346,NA,FALSE
"wnlm.Q","PEG10","RNA_batchH",-0.303145166474279,0.285885786770886,NA,FALSE
"wnlm.Q","SNRPN","RNA_batchH",-0.82403986703104,0.0164118953433156,NA,FALSE
"wnlm.Q","KCNQ1OT1","RNA_batchH",1.29289840229976,0.0113765884032131,NA,TRUE
"wnlm.Q","ZDBF2","RNA_batchH",-0.03060628181093,0.93275461634147,NA,FALSE
"wnlm.Q","GRB10","RNA_batchH",0.127801583837562,0.565180819861815,NA,TRUE
"wnlm.Q","SNORD116-20","RNA_batchH",-1.07370157821768,0.226967928574628,NA,FALSE
"wnlm.Q","KCNK9","RNA_batchH",-0.420963916770119,0.356448610560658,NA,TRUE
"wnlm.Q","INPP5F","RNA_batchH",0.0974761142379166,0.457144220281323,NA,FALSE
"wnlm.Q","RP13-487P22.1","RNA_batchH",-1.33076139751584,0.217284349603009,NA,FALSE
"wnlm.Q","MEST","RNA_batchH",-0.15118536189761,0.716881395842404,NA,TRUE
"wnlm.Q","ZNF331","RNA_batchH",-0.326401757239312,0.22516285739146,NA,FALSE
"wnlm.Q","hsa-mir-335","RNA_batchH",0.623459566973794,0.593959686816696,NA,TRUE
"wnlm.Q","DIRAS3","RNA_batchH",NA,NA,NA,FALSE
"wnlm.Q","PWRN1","RNA_batchH",NA,NA,NA,TRUE
"wnlm.Q","IGF2","RNA_batchH",0.257031020799038,0.495019635949418,NA,TRUE
"wnlm.Q","NLRP2","RNA_batchH",-0.447290322112686,0.318461991630582,NA,FALSE
"wnlm.Q","UBE3A","RNA_batchH",NA,NA,NA,TRUE
"wnlm.Q","MAGEL2","RNA_batch0",0.182956181088421,0.597557573715127,NA,FALSE
"wnlm.Q","TMEM261P1","RNA_batch0",0.296915380999874,0.334935161268705,NA,FALSE
"wnlm.Q","SNHG14","RNA_batch0",-0.200273358234408,0.528338800622897,NA,FALSE
"wnlm.Q","AL132709.5","RNA_batch0",-0.0517197576127638,0.801583509822983,NA,FALSE
"wnlm.Q","RP11-909M7.3","RNA_batch0",-0.41300565174817,0.115417319414409,NA,FALSE
"wnlm.Q","ZIM2","RNA_batch0",-0.477749949093051,0.18627019825907,NA,FALSE
"wnlm.Q","NAP1L5","RNA_batch0",-0.516061829445722,0.0794106798572934,NA,FALSE
"wnlm.Q","MEG3","RNA_batch0",-0.473314482547667,0.173949341334308,NA,FALSE
"wnlm.Q","PEG3","RNA_batch0",-0.100774578544461,0.648328110686335,NA,FALSE
"wnlm.Q","PWAR6","RNA_batch0",-0.479776924897808,0.163258908633929,NA,FALSE
"wnlm.Q","FAM50B","RNA_batch0",-0.50236449995354,0.187855747094421,NA,FALSE
"wnlm.Q","NDN","RNA_batch0",-0.739338929700533,0.185535145952393,NA,FALSE
"wnlm.Q","SNURF","RNA_batch0",0.0907848028458896,0.763301199699546,NA,FALSE
"wnlm.Q","PEG10","RNA_batch0",0.0040736241176113,0.983964780930033,NA,FALSE
"wnlm.Q","SNRPN","RNA_batch0",0.0333883179061004,0.901509909526583,NA,FALSE
"wnlm.Q","KCNQ1OT1","RNA_batch0",0.0184274905625224,0.964753742033941,NA,TRUE
"wnlm.Q","ZDBF2","RNA_batch0",-0.0267938673839829,0.90356463632948,NA,FALSE
"wnlm.Q","GRB10","RNA_batch0",-0.0888079267909532,0.615088392126343,NA,TRUE
"wnlm.Q","SNORD116-20","RNA_batch0",0.478097159170793,0.43932628694235,NA,FALSE
"wnlm.Q","KCNK9","RNA_batch0",-0.0288251716937378,0.910987829528928,NA,TRUE
"wnlm.Q","INPP5F","RNA_batch0",0.0851029574770221,0.442419798434957,NA,FALSE
"wnlm.Q","RP13-487P22.1","RNA_batch0",0.0591156977547662,0.953130444098906,NA,FALSE
"wnlm.Q","MEST","RNA_batch0",-0.064114888579143,0.773224532114194,NA,TRUE
"wnlm.Q","ZNF331","RNA_batch0",-0.138274369371805,0.449244016377165,NA,FALSE
"wnlm.Q","hsa-mir-335","RNA_batch0",-0.343917477739571,0.580761401840244,NA,TRUE
"wnlm.Q","DIRAS3","RNA_batch0",-2.03192148381135,0.0418712995054056,NA,FALSE
"wnlm.Q","PWRN1","RNA_batch0",0.363845182891353,0.555773953862431,NA,TRUE
"wnlm.Q","IGF2","RNA_batch0",0.211059857743486,0.494449717914361,NA,TRUE
"wnlm.Q","NLRP2","RNA_batch0",0.126892594921031,0.648954951704143,NA,FALSE
"wnlm.Q","UBE3A","RNA_batch0",-0.0500562696443275,0.957412375166766,NA,TRUE
"wnlm.Q","MAGEL2","Ancestry.1",2.01127010020996,0.125911838647658,0.1026,FALSE
"wnlm.Q","TMEM261P1","Ancestry.1",-1.98979392998776,0.0717838820562954,0.1158,FALSE
"wnlm.Q","SNHG14","Ancestry.1",-0.0656564108192854,0.945055532433961,0.9416,FALSE
"wnlm.Q","AL132709.5","Ancestry.1",3.90446442764015,5.10905987898083e-05,4e-04,FALSE
"wnlm.Q","RP11-909M7.3","Ancestry.1",-0.941026757479851,0.316088231815861,0.427,FALSE
"wnlm.Q","ZIM2","Ancestry.1",-0.983558993241428,0.597750755261494,0.566,FALSE
"wnlm.Q","NAP1L5","Ancestry.1",-2.35960458981238,0.0386654491454607,0.1518,FALSE
"wnlm.Q","MEG3","Ancestry.1",2.9348008782996,0.0391791188948683,0.1108,FALSE
"wnlm.Q","PEG3","Ancestry.1",-1.16367289378742,0.222158847086931,0.3552,FALSE
"wnlm.Q","PWAR6","Ancestry.1",1.42665981159408,0.215183470341304,0.302,FALSE
"wnlm.Q","FAM50B","Ancestry.1",0.471260603779063,0.64081448121926,0.7494,FALSE
"wnlm.Q","NDN","Ancestry.1",1.41456770575459,0.498491147665982,0.487,FALSE
"wnlm.Q","SNURF","Ancestry.1",-3.23001598103558,0.0298200865032819,0.0512,FALSE
"wnlm.Q","PEG10","Ancestry.1",-1.19132752680506,0.131015644002803,0.1228,FALSE
"wnlm.Q","SNRPN","Ancestry.1",-1.61943149902809,0.216975339942685,0.3116,FALSE
"wnlm.Q","KCNQ1OT1","Ancestry.1",0.331325053306505,0.746436726597957,0.8484,TRUE
"wnlm.Q","ZDBF2","Ancestry.1",-2.58944731841517,0.00989324230683525,0.0366,FALSE
"wnlm.Q","GRB10","Ancestry.1",-1.00152430971221,0.146698121587013,0.2424,TRUE
"wnlm.Q","SNORD116-20","Ancestry.1",1.34014329877849,0.517228924296846,0.7328,FALSE
"wnlm.Q","KCNK9","Ancestry.1",-1.87181979234152,0.0696135934164631,0.136,TRUE
"wnlm.Q","INPP5F","Ancestry.1",0.110180920367704,0.816385136730788,0.8374,FALSE
"wnlm.Q","RP13-487P22.1","Ancestry.1",7.04034019916794,0.0578283723227631,0.2738,FALSE
"wnlm.Q","MEST","Ancestry.1",-0.937452811350862,0.217772804630974,0.3806,TRUE
"wnlm.Q","ZNF331","Ancestry.1",-1.83214749077913,0.00890280524411904,0.091,FALSE
"wnlm.Q","hsa-mir-335","Ancestry.1",-6.93631948119732,0.000854145205365902,0.1174,TRUE
"wnlm.Q","DIRAS3","Ancestry.1",1.35801051488971,0.640190559117761,0.797,FALSE
"wnlm.Q","PWRN1","Ancestry.1",-4.61481895585204,0.0117905357162761,0.0236,TRUE
"wnlm.Q","IGF2","Ancestry.1",1.03612333597916,0.294351894238344,0.4202,TRUE
"wnlm.Q","NLRP2","Ancestry.1",-1.65173900196461,0.245336398004995,0.3324,FALSE
"wnlm.Q","UBE3A","Ancestry.1",-5.18903372234806,0.0144550636771272,0.1916,TRUE
"wnlm.Q","MAGEL2","Ancestry.2",1.92849044143589,0.0764586175934427,NA,FALSE
"wnlm.Q","TMEM261P1","Ancestry.2",-2.19174040307133,0.0926076221999796,NA,FALSE
"wnlm.Q","SNHG14","Ancestry.2",2.07754566861822,0.140555090375959,NA,FALSE
"wnlm.Q","AL132709.5","Ancestry.2",-1.38348937752838,0.13724875649506,NA,FALSE
"wnlm.Q","RP11-909M7.3","Ancestry.2",0.638077445718135,0.577998052133567,NA,FALSE
"wnlm.Q","ZIM2","Ancestry.2",2.32780451887132,0.159226907235386,NA,FALSE
"wnlm.Q","NAP1L5","Ancestry.2",3.77246460645155,0.0350414639739939,NA,FALSE
"wnlm.Q","MEG3","Ancestry.2",-0.579775401589499,0.633341071308991,NA,FALSE
"wnlm.Q","PEG3","Ancestry.2",4.29833057038987,0.000659038852211247,NA,FALSE
"wnlm.Q","PWAR6","Ancestry.2",2.86298663511488,0.0435558303431644,NA,FALSE
"wnlm.Q","FAM50B","Ancestry.2",1.53068773544885,0.312847204145299,NA,FALSE
"wnlm.Q","NDN","Ancestry.2",2.22168206796985,0.294176822325967,NA,FALSE
"wnlm.Q","SNURF","Ancestry.2",-0.87870883517693,0.601946290259398,NA,FALSE
"wnlm.Q","PEG10","Ancestry.2",-0.737621877386848,0.335629791135619,NA,FALSE
"wnlm.Q","SNRPN","Ancestry.2",-0.953937496272057,0.527278482965651,NA,FALSE
"wnlm.Q","KCNQ1OT1","Ancestry.2",1.01379762983518,0.35115636018784,NA,TRUE
"wnlm.Q","ZDBF2","Ancestry.2",0.0209800520332959,0.986509390219378,NA,FALSE
"wnlm.Q","GRB10","Ancestry.2",-0.540076998669305,0.521007154760197,NA,TRUE
"wnlm.Q","SNORD116-20","Ancestry.2",1.24001705455606,0.70261597213922,NA,FALSE
"wnlm.Q","KCNK9","Ancestry.2",3.14559690916283,0.0199150673814107,NA,TRUE
"wnlm.Q","INPP5F","Ancestry.2",-0.624834071669362,0.309391381684001,NA,FALSE
"wnlm.Q","RP13-487P22.1","Ancestry.2",5.64825987312157,0.254474513277857,NA,FALSE
"wnlm.Q","MEST","Ancestry.2",-1.70826402506747,0.0491796009726109,NA,TRUE
"wnlm.Q","ZNF331","Ancestry.2",0.252963648765387,0.775062276557678,NA,FALSE
"wnlm.Q","hsa-mir-335","Ancestry.2",4.40716062044888,0.0475333664593712,NA,TRUE
"wnlm.Q","DIRAS3","Ancestry.2",2.30176807842549,0.696716045306156,NA,FALSE
"wnlm.Q","PWRN1","Ancestry.2",-2.55468007454816,0.0939634976344497,NA,TRUE
"wnlm.Q","IGF2","Ancestry.2",2.23948952577496,0.0532307264695406,NA,TRUE
"wnlm.Q","NLRP2","Ancestry.2",-1.75555966205681,0.301414137856175,NA,FALSE
"wnlm.Q","UBE3A","Ancestry.2",1.02837597201136,0.824376101976194,NA,TRUE
"wnlm.Q","MAGEL2","Ancestry.3",-1.23948455432685,0.370982356260838,NA,FALSE
"wnlm.Q","TMEM261P1","Ancestry.3",-0.170453988176484,0.960383551966455,NA,FALSE
"wnlm.Q","SNHG14","Ancestry.3",3.1085187766108,0.0183643029624211,NA,FALSE
"wnlm.Q","AL132709.5","Ancestry.3",-0.791880878154852,0.390395783084195,NA,FALSE
"wnlm.Q","RP11-909M7.3","Ancestry.3",0.68258605935371,0.477150918408723,NA,FALSE
"wnlm.Q","ZIM2","Ancestry.3",0.236341707708593,0.885002928033424,NA,FALSE
"wnlm.Q","NAP1L5","Ancestry.3",-0.851493043952914,0.388639052429196,NA,FALSE
"wnlm.Q","MEG3","Ancestry.3",-1.77288202843193,0.110361533283348,NA,FALSE
"wnlm.Q","PEG3","Ancestry.3",0.46535509548362,0.652998685137993,NA,FALSE
"wnlm.Q","PWAR6","Ancestry.3",0.446012693898904,0.713688557555627,NA,FALSE
"wnlm.Q","FAM50B","Ancestry.3",4.2197706134669,0.00235524323295861,NA,FALSE
"wnlm.Q","NDN","Ancestry.3",-0.3094684146739,0.794728186749969,NA,FALSE
"wnlm.Q","SNURF","Ancestry.3",-0.281322834195134,0.807162730582142,NA,FALSE
"wnlm.Q","PEG10","Ancestry.3",-0.0999563050999225,0.86325523729627,NA,FALSE
"wnlm.Q","SNRPN","Ancestry.3",-0.789045970489157,0.448158081749949,NA,FALSE
"wnlm.Q","KCNQ1OT1","Ancestry.3",-1.04281085763091,0.386175941640453,NA,TRUE
"wnlm.Q","ZDBF2","Ancestry.3",-0.0134632706059073,0.988422961945737,NA,FALSE
"wnlm.Q","GRB10","Ancestry.3",-0.104858954995294,0.897653105573701,NA,TRUE
"wnlm.Q","SNORD116-20","Ancestry.3",3.39961436177167,0.293016818389496,NA,FALSE
"wnlm.Q","KCNK9","Ancestry.3",-0.858340648071196,0.475502008497057,NA,TRUE
"wnlm.Q","INPP5F","Ancestry.3",-0.88887887094969,0.0543901299881984,NA,FALSE
"wnlm.Q","RP13-487P22.1","Ancestry.3",-10.0020207655033,0.375285566395797,NA,FALSE
"wnlm.Q","MEST","Ancestry.3",-0.890622967438812,0.254271976081504,NA,TRUE
"wnlm.Q","ZNF331","Ancestry.3",-0.133632327731132,0.853591044094733,NA,FALSE
"wnlm.Q","hsa-mir-335","Ancestry.3",9.9302344273086,0.00222081309246579,NA,TRUE
"wnlm.Q","DIRAS3","Ancestry.3",-1.64419677894341,0.591290002673225,NA,FALSE
"wnlm.Q","PWRN1","Ancestry.3",1.74293892901519,0.502823685420995,NA,TRUE
"wnlm.Q","IGF2","Ancestry.3",-0.83259005180932,0.532511101477494,NA,TRUE
"wnlm.Q","NLRP2","Ancestry.3",-0.94037596510051,0.587456211475376,NA,FALSE
"wnlm.Q","UBE3A","Ancestry.3",3.28143127600165,0.0167640930127741,NA,TRUE
"wnlm.Q","MAGEL2","Ancestry.4",-0.0463911999359767,0.96316452376841,NA,FALSE
"wnlm.Q","TMEM261P1","Ancestry.4",1.8236219332989,0.0558560898494722,NA,FALSE
"wnlm.Q","SNHG14","Ancestry.4",2.32862566201636,0.052409735882997,NA,FALSE
"wnlm.Q","AL132709.5","Ancestry.4",0.0760070128122379,0.929195973537893,NA,FALSE
"wnlm.Q","RP11-909M7.3","Ancestry.4",4.01410055598223,0.000151569401305266,NA,FALSE
"wnlm.Q","ZIM2","Ancestry.4",0.0603675776164179,0.970664580518455,NA,FALSE
"wnlm.Q","NAP1L5","Ancestry.4",0.191808004200187,0.883833809580495,NA,FALSE
"wnlm.Q","MEG3","Ancestry.4",0.690445169207845,0.51878363502655,NA,FALSE
"wnlm.Q","PEG3","Ancestry.4",1.13510852219161,0.293386341021484,NA,FALSE
"wnlm.Q","PWAR6","Ancestry.4",1.91456043692175,0.107638990752129,NA,FALSE
"wnlm.Q","FAM50B","Ancestry.4",2.30519026635541,0.093556796807669,NA,FALSE
"wnlm.Q","NDN","Ancestry.4",-4.96537837895802,0.0141705196632441,NA,FALSE
"wnlm.Q","SNURF","Ancestry.4",1.20631105361766,0.409397195963108,NA,FALSE
"wnlm.Q","PEG10","Ancestry.4",0.358785338539077,0.59175258431099,NA,FALSE
"wnlm.Q","SNRPN","Ancestry.4",1.24936377840164,0.33923908827662,NA,FALSE
"wnlm.Q","KCNQ1OT1","Ancestry.4",-0.379208865582108,0.712583752499016,NA,TRUE
"wnlm.Q","ZDBF2","Ancestry.4",0.206924592820769,0.863119859752991,NA,FALSE
"wnlm.Q","GRB10","Ancestry.4",0.734828250893924,0.355970266065827,NA,TRUE
"wnlm.Q","SNORD116-20","Ancestry.4",2.5396617782079,0.367199552048472,NA,FALSE
"wnlm.Q","KCNK9","Ancestry.4",0.250370563040506,0.81697755949662,NA,TRUE
"wnlm.Q","INPP5F","Ancestry.4",-0.270395641373699,0.608482005663667,NA,FALSE
"wnlm.Q","RP13-487P22.1","Ancestry.4",1.68067048575273,0.666306049618843,NA,FALSE
"wnlm.Q","MEST","Ancestry.4",-0.362402097236791,0.636655356316154,NA,TRUE
"wnlm.Q","ZNF331","Ancestry.4",0.175100197166856,0.84171244936463,NA,FALSE
"wnlm.Q","hsa-mir-335","Ancestry.4",4.52018901626517,0.0126976172599121,NA,TRUE
"wnlm.Q","DIRAS3","Ancestry.4",5.99152680135612,0.106734542142132,NA,FALSE
"wnlm.Q","PWRN1","Ancestry.4",1.8051219583899,0.310747971927022,NA,TRUE
"wnlm.Q","IGF2","Ancestry.4",-0.181250158860756,0.859405839640651,NA,TRUE
"wnlm.Q","NLRP2","Ancestry.4",3.99251042676652,0.0897505454983762,NA,FALSE
"wnlm.Q","UBE3A","Ancestry.4",0.475476181185194,0.929892870503244,NA,TRUE
"wnlm.Q","MAGEL2","Ancestry.5",0.895350657564781,0.477553096004071,NA,FALSE
"wnlm.Q","TMEM261P1","Ancestry.5",-0.72450840130256,0.729184926208737,NA,FALSE
"wnlm.Q","SNHG14","Ancestry.5",-0.847297535045597,0.562683783180514,NA,FALSE
"wnlm.Q","AL132709.5","Ancestry.5",0.46632477234637,0.614457926058802,NA,FALSE
"wnlm.Q","RP11-909M7.3","Ancestry.5",1.4897141554255,0.272621024109645,NA,FALSE
"wnlm.Q","ZIM2","Ancestry.5",1.31611771531748,0.417405868395952,NA,FALSE
"wnlm.Q","NAP1L5","Ancestry.5",-1.81385714149649,0.0253916477942658,NA,FALSE
"wnlm.Q","MEG3","Ancestry.5",-0.707946116939574,0.6138797527539,NA,FALSE
"wnlm.Q","PEG3","Ancestry.5",2.07791057938226,0.0327825492806723,NA,FALSE
"wnlm.Q","PWAR6","Ancestry.5",0.763257003413469,0.497162709869306,NA,FALSE
"wnlm.Q","FAM50B","Ancestry.5",0.141775497351789,0.92837363205757,NA,FALSE
"wnlm.Q","NDN","Ancestry.5",-0.609093548460382,0.596961323756421,NA,FALSE
"wnlm.Q","SNURF","Ancestry.5",-1.44297450478146,0.301272403985468,NA,FALSE
"wnlm.Q","PEG10","Ancestry.5",-0.771546613567657,0.155336901119642,NA,FALSE
"wnlm.Q","SNRPN","Ancestry.5",-1.28186155215501,0.309730501668026,NA,FALSE
"wnlm.Q","KCNQ1OT1","Ancestry.5",-2.87731300024922,0.0270928894271525,NA,TRUE
"wnlm.Q","ZDBF2","Ancestry.5",0.250101690157017,0.804175855436609,NA,FALSE
"wnlm.Q","GRB10","Ancestry.5",1.11437508794372,0.0704409904045569,NA,TRUE
"wnlm.Q","SNORD116-20","Ancestry.5",-2.70137254092176,0.116514790356881,NA,FALSE
"wnlm.Q","KCNK9","Ancestry.5",1.86100286597932,0.340029497202213,NA,TRUE
"wnlm.Q","INPP5F","Ancestry.5",0.7331602252717,0.066362713305268,NA,FALSE
"wnlm.Q","RP13-487P22.1","Ancestry.5",3.49641517774672,0.511504471622456,NA,FALSE
"wnlm.Q","MEST","Ancestry.5",-0.993569107374778,0.229890651437347,NA,TRUE
"wnlm.Q","ZNF331","Ancestry.5",0.0771684248423226,0.935475488603029,NA,FALSE
"wnlm.Q","hsa-mir-335","Ancestry.5",-4.33572189981211,0.059219716802217,NA,TRUE
"wnlm.Q","DIRAS3","Ancestry.5",-3.8504252806199,0.616052868588025,NA,FALSE
"wnlm.Q","PWRN1","Ancestry.5",-2.25008405528839,0.492433756807255,NA,TRUE
"wnlm.Q","IGF2","Ancestry.5",0.0745007827602494,0.955376543016501,NA,TRUE
"wnlm.Q","NLRP2","Ancestry.5",-2.40492811946089,0.2724435212311,NA,FALSE
"wnlm.Q","UBE3A","Ancestry.5",-1.93167705253495,0.449412900497678,NA,TRUE
"logi.S","MAGEL2","Age",NA,NA,NA,FALSE
"logi.S","TMEM261P1","Age",NA,NA,NA,FALSE
"logi.S","SNHG14","Age",NA,NA,NA,FALSE
"logi.S","AL132709.5","Age",NA,NA,NA,FALSE
"logi.S","RP11-909M7.3","Age",NA,NA,NA,FALSE
"logi.S","ZIM2","Age",NA,NA,NA,FALSE
"logi.S","NAP1L5","Age",NA,NA,NA,FALSE
"logi.S","MEG3","Age",NA,NA,NA,FALSE
"logi.S","PEG3","Age",NA,NA,NA,FALSE
"logi.S","PWAR6","Age",NA,NA,NA,FALSE
"logi.S","FAM50B","Age",NA,NA,NA,FALSE
"logi.S","NDN","Age",NA,NA,NA,FALSE
"logi.S","SNURF","Age",NA,NA,NA,FALSE
"logi.S","PEG10","Age",NA,NA,NA,FALSE
"logi.S","SNRPN","Age",NA,NA,NA,FALSE
"logi.S","KCNQ1OT1","Age",-0.00230344567491845,0.535910001512299,0.5734,TRUE
"logi.S","ZDBF2","Age",NA,NA,NA,FALSE
"logi.S","GRB10","Age",-0.00463225067439322,0.0558544207309383,0.0374,TRUE
"logi.S","SNORD116-20","Age",NA,NA,NA,FALSE
"logi.S","KCNK9","Age",0.0161621333490811,0.00926572251223627,0.004,TRUE
"logi.S","INPP5F","Age",NA,NA,NA,FALSE
"logi.S","RP13-487P22.1","Age",NA,NA,NA,FALSE
"logi.S","MEST","Age",-0.000757316502325936,0.624310852595464,0.6428,TRUE
"logi.S","ZNF331","Age",NA,NA,NA,FALSE
"logi.S","hsa-mir-335","Age",0.00481331590512885,0.487108145325731,0.445,TRUE
"logi.S","DIRAS3","Age",NA,NA,NA,FALSE
"logi.S","PWRN1","Age",-0.00132269461829366,0.772514504986781,0.7892,TRUE
"logi.S","IGF2","Age",-0.00178929667696503,0.531740238312639,0.5836,TRUE
"logi.S","NLRP2","Age",NA,NA,NA,FALSE
"logi.S","UBE3A","Age",-0.0101175285047525,0.00441299534104822,0.0356,TRUE
"logi.S","MAGEL2","InstitutionPenn",NA,NA,NA,FALSE
"logi.S","TMEM261P1","InstitutionPenn",NA,NA,NA,FALSE
"logi.S","SNHG14","InstitutionPenn",NA,NA,NA,FALSE
"logi.S","AL132709.5","InstitutionPenn",NA,NA,NA,FALSE
"logi.S","RP11-909M7.3","InstitutionPenn",NA,NA,NA,FALSE
"logi.S","ZIM2","InstitutionPenn",NA,NA,NA,FALSE
"logi.S","NAP1L5","InstitutionPenn",NA,NA,NA,FALSE
"logi.S","MEG3","InstitutionPenn",NA,NA,NA,FALSE
"logi.S","PEG3","InstitutionPenn",NA,NA,NA,FALSE
"logi.S","PWAR6","InstitutionPenn",NA,NA,NA,FALSE
"logi.S","FAM50B","InstitutionPenn",NA,NA,NA,FALSE
"logi.S","NDN","InstitutionPenn",NA,NA,NA,FALSE
"logi.S","SNURF","InstitutionPenn",NA,NA,NA,FALSE
"logi.S","PEG10","InstitutionPenn",NA,NA,NA,FALSE
"logi.S","SNRPN","InstitutionPenn",NA,NA,NA,FALSE
"logi.S","KCNQ1OT1","InstitutionPenn",-0.679679499407118,1.08204773806655e-09,NA,TRUE
"logi.S","ZDBF2","InstitutionPenn",NA,NA,NA,FALSE
"logi.S","GRB10","InstitutionPenn",-0.311677673077257,0.000659158046517164,NA,TRUE
"logi.S","SNORD116-20","InstitutionPenn",NA,NA,NA,FALSE
"logi.S","KCNK9","InstitutionPenn",-0.299000122207681,0.285941034592705,NA,TRUE
"logi.S","INPP5F","InstitutionPenn",NA,NA,NA,FALSE
"logi.S","RP13-487P22.1","InstitutionPenn",NA,NA,NA,FALSE
"logi.S","MEST","InstitutionPenn",-0.245684185773677,6.34314727631821e-05,NA,TRUE
"logi.S","ZNF331","InstitutionPenn",NA,NA,NA,FALSE
"logi.S","hsa-mir-335","InstitutionPenn",-0.37843907216415,0.120606497715933,NA,TRUE
"logi.S","DIRAS3","InstitutionPenn",NA,NA,NA,FALSE
"logi.S","PWRN1","InstitutionPenn",-0.0437078115559269,0.788218753048862,NA,TRUE
"logi.S","IGF2","InstitutionPenn",-0.292217009276869,0.011725935998929,NA,TRUE
"logi.S","NLRP2","InstitutionPenn",NA,NA,NA,FALSE
"logi.S","UBE3A","InstitutionPenn",-0.45036750996691,0.00343309958943629,NA,TRUE
"logi.S","MAGEL2","InstitutionPitt",NA,NA,NA,FALSE
"logi.S","TMEM261P1","InstitutionPitt",NA,NA,NA,FALSE
"logi.S","SNHG14","InstitutionPitt",NA,NA,NA,FALSE
"logi.S","AL132709.5","InstitutionPitt",NA,NA,NA,FALSE
"logi.S","RP11-909M7.3","InstitutionPitt",NA,NA,NA,FALSE
"logi.S","ZIM2","InstitutionPitt",NA,NA,NA,FALSE
"logi.S","NAP1L5","InstitutionPitt",NA,NA,NA,FALSE
"logi.S","MEG3","InstitutionPitt",NA,NA,NA,FALSE
"logi.S","PEG3","InstitutionPitt",NA,NA,NA,FALSE
"logi.S","PWAR6","InstitutionPitt",NA,NA,NA,FALSE
"logi.S","FAM50B","InstitutionPitt",NA,NA,NA,FALSE
"logi.S","NDN","InstitutionPitt",NA,NA,NA,FALSE
"logi.S","SNURF","InstitutionPitt",NA,NA,NA,FALSE
"logi.S","PEG10","InstitutionPitt",NA,NA,NA,FALSE
"logi.S","SNRPN","InstitutionPitt",NA,NA,NA,FALSE
"logi.S","KCNQ1OT1","InstitutionPitt",0.373979846783366,0.0896698300178097,NA,TRUE
"logi.S","ZDBF2","InstitutionPitt",NA,NA,NA,FALSE
"logi.S","GRB10","InstitutionPitt",0.314790379636427,0.00448351526950744,NA,TRUE
"logi.S","SNORD116-20","InstitutionPitt",NA,NA,NA,FALSE
"logi.S","KCNK9","InstitutionPitt",0.435353129403686,0.0947754423748466,NA,TRUE
"logi.S","INPP5F","InstitutionPitt",NA,NA,NA,FALSE
"logi.S","RP13-487P22.1","InstitutionPitt",NA,NA,NA,FALSE
"logi.S","MEST","InstitutionPitt",-0.0122977325624792,0.863001571058078,NA,TRUE
"logi.S","ZNF331","InstitutionPitt",NA,NA,NA,FALSE
"logi.S","hsa-mir-335","InstitutionPitt",0.0552323925590184,0.847280728736707,NA,TRUE
"logi.S","DIRAS3","InstitutionPitt",NA,NA,NA,FALSE
"logi.S","PWRN1","InstitutionPitt",-0.485038034768823,0.0360574788096876,NA,TRUE
"logi.S","IGF2","InstitutionPitt",0.333371669882667,0.027375997993565,NA,TRUE
"logi.S","NLRP2","InstitutionPitt",NA,NA,NA,FALSE
"logi.S","UBE3A","InstitutionPitt",0.344577549370199,0.0488482900009593,NA,TRUE
"logi.S","MAGEL2","GenderMale",NA,NA,NA,FALSE
"logi.S","TMEM261P1","GenderMale",NA,NA,NA,FALSE
"logi.S","SNHG14","GenderMale",NA,NA,NA,FALSE
"logi.S","AL132709.5","GenderMale",NA,NA,NA,FALSE
"logi.S","RP11-909M7.3","GenderMale",NA,NA,NA,FALSE
"logi.S","ZIM2","GenderMale",NA,NA,NA,FALSE
"logi.S","NAP1L5","GenderMale",NA,NA,NA,FALSE
"logi.S","MEG3","GenderMale",NA,NA,NA,FALSE
"logi.S","PEG3","GenderMale",NA,NA,NA,FALSE
"logi.S","PWAR6","GenderMale",NA,NA,NA,FALSE
"logi.S","FAM50B","GenderMale",NA,NA,NA,FALSE
"logi.S","NDN","GenderMale",NA,NA,NA,FALSE
"logi.S","SNURF","GenderMale",NA,NA,NA,FALSE
"logi.S","PEG10","GenderMale",NA,NA,NA,FALSE
"logi.S","SNRPN","GenderMale",NA,NA,NA,FALSE
"logi.S","KCNQ1OT1","GenderMale",-0.0999176316296829,0.289208452824622,0.4928,TRUE
"logi.S","ZDBF2","GenderMale",NA,NA,NA,FALSE
"logi.S","GRB10","GenderMale",-0.100082862686054,0.138570853395231,0.2596,TRUE
"logi.S","SNORD116-20","GenderMale",NA,NA,NA,FALSE
"logi.S","KCNK9","GenderMale",0.0560780021251755,0.747012551259936,0.7794,TRUE
"logi.S","INPP5F","GenderMale",NA,NA,NA,FALSE
"logi.S","RP13-487P22.1","GenderMale",NA,NA,NA,FALSE
"logi.S","MEST","GenderMale",-0.126653063504295,0.00696807231655069,0.044,TRUE
"logi.S","ZNF331","GenderMale",NA,NA,NA,FALSE
"logi.S","hsa-mir-335","GenderMale",-0.0655200196826626,0.700774672615761,0.7674,TRUE
"logi.S","DIRAS3","GenderMale",NA,NA,NA,FALSE
"logi.S","PWRN1","GenderMale",-0.0614320759753326,0.646418553930213,0.7558,TRUE
"logi.S","IGF2","GenderMale",-0.0897489737630805,0.335436251771802,0.4646,TRUE
"logi.S","NLRP2","GenderMale",NA,NA,NA,FALSE
"logi.S","UBE3A","GenderMale",0.352594508300765,0.00155076259681626,0.0398,TRUE
"logi.S","MAGEL2","PMI",NA,NA,NA,FALSE
"logi.S","TMEM261P1","PMI",NA,NA,NA,FALSE
"logi.S","SNHG14","PMI",NA,NA,NA,FALSE
"logi.S","AL132709.5","PMI",NA,NA,NA,FALSE
"logi.S","RP11-909M7.3","PMI",NA,NA,NA,FALSE
"logi.S","ZIM2","PMI",NA,NA,NA,FALSE
"logi.S","NAP1L5","PMI",NA,NA,NA,FALSE
"logi.S","MEG3","PMI",NA,NA,NA,FALSE
"logi.S","PEG3","PMI",NA,NA,NA,FALSE
"logi.S","PWAR6","PMI",NA,NA,NA,FALSE
"logi.S","FAM50B","PMI",NA,NA,NA,FALSE
"logi.S","NDN","PMI",NA,NA,NA,FALSE
"logi.S","SNURF","PMI",NA,NA,NA,FALSE
"logi.S","PEG10","PMI",NA,NA,NA,FALSE
"logi.S","SNRPN","PMI",NA,NA,NA,FALSE
"logi.S","KCNQ1OT1","PMI",0.00101383362388592,0.799608955729862,NA,TRUE
"logi.S","ZDBF2","PMI",NA,NA,NA,FALSE
"logi.S","GRB10","PMI",-0.0014849716301155,0.648113326437124,NA,TRUE
"logi.S","SNORD116-20","PMI",NA,NA,NA,FALSE
"logi.S","KCNK9","PMI",0.000130771881694003,0.989031773143284,NA,TRUE
"logi.S","INPP5F","PMI",NA,NA,NA,FALSE
"logi.S","RP13-487P22.1","PMI",NA,NA,NA,FALSE
"logi.S","MEST","PMI",-0.00239430048165975,0.289197085886757,NA,TRUE
"logi.S","ZNF331","PMI",NA,NA,NA,FALSE
"logi.S","hsa-mir-335","PMI",-0.0049854993653047,0.566511992728638,NA,TRUE
"logi.S","DIRAS3","PMI",NA,NA,NA,FALSE
"logi.S","PWRN1","PMI",0.0211405330451877,0.000558343879204904,NA,TRUE
"logi.S","IGF2","PMI",-0.00231978353268484,0.543762531876939,NA,TRUE
"logi.S","NLRP2","PMI",NA,NA,NA,FALSE
"logi.S","UBE3A","PMI",0.000669718539596804,0.905520141266072,NA,TRUE
"logi.S","MAGEL2","DxSCZ",NA,NA,NA,FALSE
"logi.S","TMEM261P1","DxSCZ",NA,NA,NA,FALSE
"logi.S","SNHG14","DxSCZ",NA,NA,NA,FALSE
"logi.S","AL132709.5","DxSCZ",NA,NA,NA,FALSE
"logi.S","RP11-909M7.3","DxSCZ",NA,NA,NA,FALSE
"logi.S","ZIM2","DxSCZ",NA,NA,NA,FALSE
"logi.S","NAP1L5","DxSCZ",NA,NA,NA,FALSE
"logi.S","MEG3","DxSCZ",NA,NA,NA,FALSE
"logi.S","PEG3","DxSCZ",NA,NA,NA,FALSE
"logi.S","PWAR6","DxSCZ",NA,NA,NA,FALSE
"logi.S","FAM50B","DxSCZ",NA,NA,NA,FALSE
"logi.S","NDN","DxSCZ",NA,NA,NA,FALSE
"logi.S","SNURF","DxSCZ",NA,NA,NA,FALSE
"logi.S","PEG10","DxSCZ",NA,NA,NA,FALSE
"logi.S","SNRPN","DxSCZ",NA,NA,NA,FALSE
"logi.S","KCNQ1OT1","DxSCZ",0.146063640832481,0.146131266271893,0.352,TRUE
"logi.S","ZDBF2","DxSCZ",NA,NA,NA,FALSE
"logi.S","GRB10","DxSCZ",-0.0121555603589211,0.872058642292918,0.8888,TRUE
"logi.S","SNORD116-20","DxSCZ",NA,NA,NA,FALSE
"logi.S","KCNK9","DxSCZ",0.163074141822112,0.436539907509822,0.4574,TRUE
"logi.S","INPP5F","DxSCZ",NA,NA,NA,FALSE
"logi.S","RP13-487P22.1","DxSCZ",NA,NA,NA,FALSE
"logi.S","MEST","DxSCZ",0.216204890458642,5.96985706767392e-06,0.0014,TRUE
"logi.S","ZNF331","DxSCZ",NA,NA,NA,FALSE
"logi.S","hsa-mir-335","DxSCZ",-0.329465679416799,0.0570196842083028,0.1528,TRUE
"logi.S","DIRAS3","DxSCZ",NA,NA,NA,FALSE
"logi.S","PWRN1","DxSCZ",-0.262915627451853,0.0515391065083147,0.1948,TRUE
"logi.S","IGF2","DxSCZ",0.227583459137094,0.0352489391493908,0.0822,TRUE
"logi.S","NLRP2","DxSCZ",NA,NA,NA,FALSE
"logi.S","UBE3A","DxSCZ",-0.231645838143986,0.128952046039046,0.167,TRUE
"logi.S","MAGEL2","DxAFF",NA,NA,NA,FALSE
"logi.S","TMEM261P1","DxAFF",NA,NA,NA,FALSE
"logi.S","SNHG14","DxAFF",NA,NA,NA,FALSE
"logi.S","AL132709.5","DxAFF",NA,NA,NA,FALSE
"logi.S","RP11-909M7.3","DxAFF",NA,NA,NA,FALSE
"logi.S","ZIM2","DxAFF",NA,NA,NA,FALSE
"logi.S","NAP1L5","DxAFF",NA,NA,NA,FALSE
"logi.S","MEG3","DxAFF",NA,NA,NA,FALSE
"logi.S","PEG3","DxAFF",NA,NA,NA,FALSE
"logi.S","PWAR6","DxAFF",NA,NA,NA,FALSE
"logi.S","FAM50B","DxAFF",NA,NA,NA,FALSE
"logi.S","NDN","DxAFF",NA,NA,NA,FALSE
"logi.S","SNURF","DxAFF",NA,NA,NA,FALSE
"logi.S","PEG10","DxAFF",NA,NA,NA,FALSE
"logi.S","SNRPN","DxAFF",NA,NA,NA,FALSE
"logi.S","KCNQ1OT1","DxAFF",0.394408009522447,0.202295919217896,0.1498,TRUE
"logi.S","ZDBF2","DxAFF",NA,NA,NA,FALSE
"logi.S","GRB10","DxAFF",-0.026124991333537,0.842358853998538,0.8444,TRUE
"logi.S","SNORD116-20","DxAFF",NA,NA,NA,FALSE
"logi.S","KCNK9","DxAFF",0.039786112073695,0.882253570986426,0.9334,TRUE
"logi.S","INPP5F","DxAFF",NA,NA,NA,FALSE
"logi.S","RP13-487P22.1","DxAFF",NA,NA,NA,FALSE
"logi.S","MEST","DxAFF",0.00324826262111703,0.9688311512018,0.9634,TRUE
"logi.S","ZNF331","DxAFF",NA,NA,NA,FALSE
"logi.S","hsa-mir-335","DxAFF",-0.417345800319817,0.225319190270463,0.2834,TRUE
"logi.S","DIRAS3","DxAFF",NA,NA,NA,FALSE
"logi.S","PWRN1","DxAFF",-0.543698573985091,0.035369278271269,0.0958,TRUE
"logi.S","IGF2","DxAFF",0.137597850478072,0.42893557157142,0.5704,TRUE
"logi.S","NLRP2","DxAFF",NA,NA,NA,FALSE
"logi.S","UBE3A","DxAFF",0.110002813889151,0.573948546019459,0.7144,TRUE
"logi.S","MAGEL2","RIN",NA,NA,NA,FALSE
"logi.S","TMEM261P1","RIN",NA,NA,NA,FALSE
"logi.S","SNHG14","RIN",NA,NA,NA,FALSE
"logi.S","AL132709.5","RIN",NA,NA,NA,FALSE
"logi.S","RP11-909M7.3","RIN",NA,NA,NA,FALSE
"logi.S","ZIM2","RIN",NA,NA,NA,FALSE
"logi.S","NAP1L5","RIN",NA,NA,NA,FALSE
"logi.S","MEG3","RIN",NA,NA,NA,FALSE
"logi.S","PEG3","RIN",NA,NA,NA,FALSE
"logi.S","PWAR6","RIN",NA,NA,NA,FALSE
"logi.S","FAM50B","RIN",NA,NA,NA,FALSE
"logi.S","NDN","RIN",NA,NA,NA,FALSE
"logi.S","SNURF","RIN",NA,NA,NA,FALSE
"logi.S","PEG10","RIN",NA,NA,NA,FALSE
"logi.S","SNRPN","RIN",NA,NA,NA,FALSE
"logi.S","KCNQ1OT1","RIN",-0.261910497976417,1.9536061639774e-05,NA,TRUE
"logi.S","ZDBF2","RIN",NA,NA,NA,FALSE
"logi.S","GRB10","RIN",-0.0285238910955398,0.534130913766063,NA,TRUE
"logi.S","SNORD116-20","RIN",NA,NA,NA,FALSE
"logi.S","KCNK9","RIN",-0.209108498597156,0.0801344991401473,NA,TRUE
"logi.S","INPP5F","RIN",NA,NA,NA,FALSE
"logi.S","RP13-487P22.1","RIN",NA,NA,NA,FALSE
"logi.S","MEST","RIN",0.00535852288598747,0.851373996109556,NA,TRUE
"logi.S","ZNF331","RIN",NA,NA,NA,FALSE
"logi.S","hsa-mir-335","RIN",0.120225800747789,0.315411179021902,NA,TRUE
"logi.S","DIRAS3","RIN",NA,NA,NA,FALSE
"logi.S","PWRN1","RIN",0.261743387617394,0.00226664833540549,NA,TRUE
"logi.S","IGF2","RIN",0.0787465663003693,0.167340040142431,NA,TRUE
"logi.S","NLRP2","RIN",NA,NA,NA,FALSE
"logi.S","UBE3A","RIN",-0.101565007594948,0.244061486471807,NA,TRUE
"logi.S","MAGEL2","RNA_batchB",NA,NA,NA,FALSE
"logi.S","TMEM261P1","RNA_batchB",NA,NA,NA,FALSE
"logi.S","SNHG14","RNA_batchB",NA,NA,NA,FALSE
"logi.S","AL132709.5","RNA_batchB",NA,NA,NA,FALSE
"logi.S","RP11-909M7.3","RNA_batchB",NA,NA,NA,FALSE
"logi.S","ZIM2","RNA_batchB",NA,NA,NA,FALSE
"logi.S","NAP1L5","RNA_batchB",NA,NA,NA,FALSE
"logi.S","MEG3","RNA_batchB",NA,NA,NA,FALSE
"logi.S","PEG3","RNA_batchB",NA,NA,NA,FALSE
"logi.S","PWAR6","RNA_batchB",NA,NA,NA,FALSE
"logi.S","FAM50B","RNA_batchB",NA,NA,NA,FALSE
"logi.S","NDN","RNA_batchB",NA,NA,NA,FALSE
"logi.S","SNURF","RNA_batchB",NA,NA,NA,FALSE
"logi.S","PEG10","RNA_batchB",NA,NA,NA,FALSE
"logi.S","SNRPN","RNA_batchB",NA,NA,NA,FALSE
"logi.S","KCNQ1OT1","RNA_batchB",-0.607780691976095,0.00124912094485852,NA,TRUE
"logi.S","ZDBF2","RNA_batchB",NA,NA,NA,FALSE
"logi.S","GRB10","RNA_batchB",-0.200040331756869,0.13627207784347,NA,TRUE
"logi.S","SNORD116-20","RNA_batchB",NA,NA,NA,FALSE
"logi.S","KCNK9","RNA_batchB",-0.310378285500769,0.373561382240525,NA,TRUE
"logi.S","INPP5F","RNA_batchB",NA,NA,NA,FALSE
"logi.S","RP13-487P22.1","RNA_batchB",NA,NA,NA,FALSE
"logi.S","MEST","RNA_batchB",-0.0159125858639886,0.846063545234148,NA,TRUE
"logi.S","ZNF331","RNA_batchB",NA,NA,NA,FALSE
"logi.S","hsa-mir-335","RNA_batchB",0.125142567130752,0.665673442208075,NA,TRUE
"logi.S","DIRAS3","RNA_batchB",NA,NA,NA,FALSE
"logi.S","PWRN1","RNA_batchB",0.797464085710384,0.00264217319409885,NA,TRUE
"logi.S","IGF2","RNA_batchB",-0.0411251338814438,0.779986791954495,NA,TRUE
"logi.S","NLRP2","RNA_batchB",NA,NA,NA,FALSE
"logi.S","UBE3A","RNA_batchB",0.400247821836321,0.158888195640089,NA,TRUE
"logi.S","MAGEL2","RNA_batchC",NA,NA,NA,FALSE
"logi.S","TMEM261P1","RNA_batchC",NA,NA,NA,FALSE
"logi.S","SNHG14","RNA_batchC",NA,NA,NA,FALSE
"logi.S","AL132709.5","RNA_batchC",NA,NA,NA,FALSE
"logi.S","RP11-909M7.3","RNA_batchC",NA,NA,NA,FALSE
"logi.S","ZIM2","RNA_batchC",NA,NA,NA,FALSE
"logi.S","NAP1L5","RNA_batchC",NA,NA,NA,FALSE
"logi.S","MEG3","RNA_batchC",NA,NA,NA,FALSE
"logi.S","PEG3","RNA_batchC",NA,NA,NA,FALSE
"logi.S","PWAR6","RNA_batchC",NA,NA,NA,FALSE
"logi.S","FAM50B","RNA_batchC",NA,NA,NA,FALSE
"logi.S","NDN","RNA_batchC",NA,NA,NA,FALSE
"logi.S","SNURF","RNA_batchC",NA,NA,NA,FALSE
"logi.S","PEG10","RNA_batchC",NA,NA,NA,FALSE
"logi.S","SNRPN","RNA_batchC",NA,NA,NA,FALSE
"logi.S","KCNQ1OT1","RNA_batchC",-0.192472954303163,0.35320276165072,NA,TRUE
"logi.S","ZDBF2","RNA_batchC",NA,NA,NA,FALSE
"logi.S","GRB10","RNA_batchC",0.0339393505191128,0.823658378640994,NA,TRUE
"logi.S","SNORD116-20","RNA_batchC",NA,NA,NA,FALSE
"logi.S","KCNK9","RNA_batchC",-0.190927638237381,0.643581563273391,NA,TRUE
"logi.S","INPP5F","RNA_batchC",NA,NA,NA,FALSE
"logi.S","RP13-487P22.1","RNA_batchC",NA,NA,NA,FALSE
"logi.S","MEST","RNA_batchC",-0.0273067320062119,0.754342321168171,NA,TRUE
"logi.S","ZNF331","RNA_batchC",NA,NA,NA,FALSE
"logi.S","hsa-mir-335","RNA_batchC",0.295812732734737,0.377043628145287,NA,TRUE
"logi.S","DIRAS3","RNA_batchC",NA,NA,NA,FALSE
"logi.S","PWRN1","RNA_batchC",-0.0307099768501559,0.893561415458741,NA,TRUE
"logi.S","IGF2","RNA_batchC",0.417898722069176,0.0228030512274441,NA,TRUE
"logi.S","NLRP2","RNA_batchC",NA,NA,NA,FALSE
"logi.S","UBE3A","RNA_batchC",0.19921085093039,0.516694071105663,NA,TRUE
"logi.S","MAGEL2","RNA_batchD",NA,NA,NA,FALSE
"logi.S","TMEM261P1","RNA_batchD",NA,NA,NA,FALSE
"logi.S","SNHG14","RNA_batchD",NA,NA,NA,FALSE
"logi.S","AL132709.5","RNA_batchD",NA,NA,NA,FALSE
"logi.S","RP11-909M7.3","RNA_batchD",NA,NA,NA,FALSE
"logi.S","ZIM2","RNA_batchD",NA,NA,NA,FALSE
"logi.S","NAP1L5","RNA_batchD",NA,NA,NA,FALSE
"logi.S","MEG3","RNA_batchD",NA,NA,NA,FALSE
"logi.S","PEG3","RNA_batchD",NA,NA,NA,FALSE
"logi.S","PWAR6","RNA_batchD",NA,NA,NA,FALSE
"logi.S","FAM50B","RNA_batchD",NA,NA,NA,FALSE
"logi.S","NDN","RNA_batchD",NA,NA,NA,FALSE
"logi.S","SNURF","RNA_batchD",NA,NA,NA,FALSE
"logi.S","PEG10","RNA_batchD",NA,NA,NA,FALSE
"logi.S","SNRPN","RNA_batchD",NA,NA,NA,FALSE
"logi.S","KCNQ1OT1","RNA_batchD",-0.0711729694827468,0.718526197732504,NA,TRUE
"logi.S","ZDBF2","RNA_batchD",NA,NA,NA,FALSE
"logi.S","GRB10","RNA_batchD",-0.0494732004558244,0.727268101453508,NA,TRUE
"logi.S","SNORD116-20","RNA_batchD",NA,NA,NA,FALSE
"logi.S","KCNK9","RNA_batchD",-0.0293944378924108,0.941561886061352,NA,TRUE
"logi.S","INPP5F","RNA_batchD",NA,NA,NA,FALSE
"logi.S","RP13-487P22.1","RNA_batchD",NA,NA,NA,FALSE
"logi.S","MEST","RNA_batchD",-0.0987525335353895,0.236358836661545,NA,TRUE
"logi.S","ZNF331","RNA_batchD",NA,NA,NA,FALSE
"logi.S","hsa-mir-335","RNA_batchD",-0.217851959959541,0.445562646145952,NA,TRUE
"logi.S","DIRAS3","RNA_batchD",NA,NA,NA,FALSE
"logi.S","PWRN1","RNA_batchD",0.523578163917678,0.0455364776695583,NA,TRUE
"logi.S","IGF2","RNA_batchD",0.366714721323156,0.0183682438413835,NA,TRUE
"logi.S","NLRP2","RNA_batchD",NA,NA,NA,FALSE
"logi.S","UBE3A","RNA_batchD",0.556215759786668,0.0604071906020414,NA,TRUE
"logi.S","MAGEL2","RNA_batchE",NA,NA,NA,FALSE
"logi.S","TMEM261P1","RNA_batchE",NA,NA,NA,FALSE
"logi.S","SNHG14","RNA_batchE",NA,NA,NA,FALSE
"logi.S","AL132709.5","RNA_batchE",NA,NA,NA,FALSE
"logi.S","RP11-909M7.3","RNA_batchE",NA,NA,NA,FALSE
"logi.S","ZIM2","RNA_batchE",NA,NA,NA,FALSE
"logi.S","NAP1L5","RNA_batchE",NA,NA,NA,FALSE
"logi.S","MEG3","RNA_batchE",NA,NA,NA,FALSE
"logi.S","PEG3","RNA_batchE",NA,NA,NA,FALSE
"logi.S","PWAR6","RNA_batchE",NA,NA,NA,FALSE
"logi.S","FAM50B","RNA_batchE",NA,NA,NA,FALSE
"logi.S","NDN","RNA_batchE",NA,NA,NA,FALSE
"logi.S","SNURF","RNA_batchE",NA,NA,NA,FALSE
"logi.S","PEG10","RNA_batchE",NA,NA,NA,FALSE
"logi.S","SNRPN","RNA_batchE",NA,NA,NA,FALSE
"logi.S","KCNQ1OT1","RNA_batchE",-0.279675809904362,0.181930574218352,NA,TRUE
"logi.S","ZDBF2","RNA_batchE",NA,NA,NA,FALSE
"logi.S","GRB10","RNA_batchE",0.108803564396457,0.434575416189039,NA,TRUE
"logi.S","SNORD116-20","RNA_batchE",NA,NA,NA,FALSE
"logi.S","KCNK9","RNA_batchE",-0.234025063729669,0.478624095675614,NA,TRUE
"logi.S","INPP5F","RNA_batchE",NA,NA,NA,FALSE
"logi.S","RP13-487P22.1","RNA_batchE",NA,NA,NA,FALSE
"logi.S","MEST","RNA_batchE",0.116437033968013,0.14951609879684,NA,TRUE
"logi.S","ZNF331","RNA_batchE",NA,NA,NA,FALSE
"logi.S","hsa-mir-335","RNA_batchE",-0.0313966625997345,0.91627697383234,NA,TRUE
"logi.S","DIRAS3","RNA_batchE",NA,NA,NA,FALSE
"logi.S","PWRN1","RNA_batchE",0.724447134283302,0.00369300874916775,NA,TRUE
"logi.S","IGF2","RNA_batchE",0.319356879774963,0.0397079742399705,NA,TRUE
"logi.S","NLRP2","RNA_batchE",NA,NA,NA,FALSE
"logi.S","UBE3A","RNA_batchE",0.468486204158189,0.1063471157374,NA,TRUE
"logi.S","MAGEL2","RNA_batchF",NA,NA,NA,FALSE
"logi.S","TMEM261P1","RNA_batchF",NA,NA,NA,FALSE
"logi.S","SNHG14","RNA_batchF",NA,NA,NA,FALSE
"logi.S","AL132709.5","RNA_batchF",NA,NA,NA,FALSE
"logi.S","RP11-909M7.3","RNA_batchF",NA,NA,NA,FALSE
"logi.S","ZIM2","RNA_batchF",NA,NA,NA,FALSE
"logi.S","NAP1L5","RNA_batchF",NA,NA,NA,FALSE
"logi.S","MEG3","RNA_batchF",NA,NA,NA,FALSE
"logi.S","PEG3","RNA_batchF",NA,NA,NA,FALSE
"logi.S","PWAR6","RNA_batchF",NA,NA,NA,FALSE
"logi.S","FAM50B","RNA_batchF",NA,NA,NA,FALSE
"logi.S","NDN","RNA_batchF",NA,NA,NA,FALSE
"logi.S","SNURF","RNA_batchF",NA,NA,NA,FALSE
"logi.S","PEG10","RNA_batchF",NA,NA,NA,FALSE
"logi.S","SNRPN","RNA_batchF",NA,NA,NA,FALSE
"logi.S","KCNQ1OT1","RNA_batchF",-0.00116243438071409,0.995411647725351,NA,TRUE
"logi.S","ZDBF2","RNA_batchF",NA,NA,NA,FALSE
"logi.S","GRB10","RNA_batchF",0.130514312531831,0.342205064412263,NA,TRUE
"logi.S","SNORD116-20","RNA_batchF",NA,NA,NA,FALSE
"logi.S","KCNK9","RNA_batchF",-0.00831212317550594,0.980479907633727,NA,TRUE
"logi.S","INPP5F","RNA_batchF",NA,NA,NA,FALSE
"logi.S","RP13-487P22.1","RNA_batchF",NA,NA,NA,FALSE
"logi.S","MEST","RNA_batchF",0.0529512981058844,0.503267722763403,NA,TRUE
"logi.S","ZNF331","RNA_batchF",NA,NA,NA,FALSE
"logi.S","hsa-mir-335","RNA_batchF",0.196409313842201,0.492340995617456,NA,TRUE
"logi.S","DIRAS3","RNA_batchF",NA,NA,NA,FALSE
"logi.S","PWRN1","RNA_batchF",0.273107798427746,0.241743645664164,NA,TRUE
"logi.S","IGF2","RNA_batchF",0.2955321569031,0.0453280140616903,NA,TRUE
"logi.S","NLRP2","RNA_batchF",NA,NA,NA,FALSE
"logi.S","UBE3A","RNA_batchF",-0.282526841414807,0.397641585439384,NA,TRUE
"logi.S","MAGEL2","RNA_batchG",NA,NA,NA,FALSE
"logi.S","TMEM261P1","RNA_batchG",NA,NA,NA,FALSE
"logi.S","SNHG14","RNA_batchG",NA,NA,NA,FALSE
"logi.S","AL132709.5","RNA_batchG",NA,NA,NA,FALSE
"logi.S","RP11-909M7.3","RNA_batchG",NA,NA,NA,FALSE
"logi.S","ZIM2","RNA_batchG",NA,NA,NA,FALSE
"logi.S","NAP1L5","RNA_batchG",NA,NA,NA,FALSE
"logi.S","MEG3","RNA_batchG",NA,NA,NA,FALSE
"logi.S","PEG3","RNA_batchG",NA,NA,NA,FALSE
"logi.S","PWAR6","RNA_batchG",NA,NA,NA,FALSE
"logi.S","FAM50B","RNA_batchG",NA,NA,NA,FALSE
"logi.S","NDN","RNA_batchG",NA,NA,NA,FALSE
"logi.S","SNURF","RNA_batchG",NA,NA,NA,FALSE
"logi.S","PEG10","RNA_batchG",NA,NA,NA,FALSE
"logi.S","SNRPN","RNA_batchG",NA,NA,NA,FALSE
"logi.S","KCNQ1OT1","RNA_batchG",-0.409864879798376,0.170192679075367,NA,TRUE
"logi.S","ZDBF2","RNA_batchG",NA,NA,NA,FALSE
"logi.S","GRB10","RNA_batchG",0.654027539239353,0.00358530982975419,NA,TRUE
"logi.S","SNORD116-20","RNA_batchG",NA,NA,NA,FALSE
"logi.S","KCNK9","RNA_batchG",-0.249036311827569,0.550542360407244,NA,TRUE
"logi.S","INPP5F","RNA_batchG",NA,NA,NA,FALSE
"logi.S","RP13-487P22.1","RNA_batchG",NA,NA,NA,FALSE
"logi.S","MEST","RNA_batchG",0.0498486382708101,0.721042258319972,NA,TRUE
"logi.S","ZNF331","RNA_batchG",NA,NA,NA,FALSE
"logi.S","hsa-mir-335","RNA_batchG",0.164084032388226,0.694531933585182,NA,TRUE
"logi.S","DIRAS3","RNA_batchG",NA,NA,NA,FALSE
"logi.S","PWRN1","RNA_batchG",0.819853537399716,0.0430224679791682,NA,TRUE
"logi.S","IGF2","RNA_batchG",-0.0700774107653652,0.693464562565291,NA,TRUE
"logi.S","NLRP2","RNA_batchG",NA,NA,NA,FALSE
"logi.S","UBE3A","RNA_batchG",0.431545764167414,0.321013250645814,NA,TRUE
"logi.S","MAGEL2","RNA_batchH",NA,NA,NA,FALSE
"logi.S","TMEM261P1","RNA_batchH",NA,NA,NA,FALSE
"logi.S","SNHG14","RNA_batchH",NA,NA,NA,FALSE
"logi.S","AL132709.5","RNA_batchH",NA,NA,NA,FALSE
"logi.S","RP11-909M7.3","RNA_batchH",NA,NA,NA,FALSE
"logi.S","ZIM2","RNA_batchH",NA,NA,NA,FALSE
"logi.S","NAP1L5","RNA_batchH",NA,NA,NA,FALSE
"logi.S","MEG3","RNA_batchH",NA,NA,NA,FALSE
"logi.S","PEG3","RNA_batchH",NA,NA,NA,FALSE
"logi.S","PWAR6","RNA_batchH",NA,NA,NA,FALSE
"logi.S","FAM50B","RNA_batchH",NA,NA,NA,FALSE
"logi.S","NDN","RNA_batchH",NA,NA,NA,FALSE
"logi.S","SNURF","RNA_batchH",NA,NA,NA,FALSE
"logi.S","PEG10","RNA_batchH",NA,NA,NA,FALSE
"logi.S","SNRPN","RNA_batchH",NA,NA,NA,FALSE
"logi.S","KCNQ1OT1","RNA_batchH",15.2760578435505,0.979585302140746,NA,TRUE
"logi.S","ZDBF2","RNA_batchH",NA,NA,NA,FALSE
"logi.S","GRB10","RNA_batchH",0.548650331946884,0.0926440414240972,NA,TRUE
"logi.S","SNORD116-20","RNA_batchH",NA,NA,NA,FALSE
"logi.S","KCNK9","RNA_batchH",-0.0440865352806704,0.967450635998164,NA,TRUE
"logi.S","INPP5F","RNA_batchH",NA,NA,NA,FALSE
"logi.S","RP13-487P22.1","RNA_batchH",NA,NA,NA,FALSE
"logi.S","MEST","RNA_batchH",-0.085638347694539,0.761510686329306,NA,TRUE
"logi.S","ZNF331","RNA_batchH",NA,NA,NA,FALSE
"logi.S","hsa-mir-335","RNA_batchH",15.2743079138212,0.98810971412781,NA,TRUE
"logi.S","DIRAS3","RNA_batchH",NA,NA,NA,FALSE
"logi.S","PWRN1","RNA_batchH",NA,NA,NA,TRUE
"logi.S","IGF2","RNA_batchH",0.477792016011503,0.23100005616995,NA,TRUE
"logi.S","NLRP2","RNA_batchH",NA,NA,NA,FALSE
"logi.S","UBE3A","RNA_batchH",NA,NA,NA,TRUE
"logi.S","MAGEL2","RNA_batch0",NA,NA,NA,FALSE
"logi.S","TMEM261P1","RNA_batch0",NA,NA,NA,FALSE
"logi.S","SNHG14","RNA_batch0",NA,NA,NA,FALSE
"logi.S","AL132709.5","RNA_batch0",NA,NA,NA,FALSE
"logi.S","RP11-909M7.3","RNA_batch0",NA,NA,NA,FALSE
"logi.S","ZIM2","RNA_batch0",NA,NA,NA,FALSE
"logi.S","NAP1L5","RNA_batch0",NA,NA,NA,FALSE
"logi.S","MEG3","RNA_batch0",NA,NA,NA,FALSE
"logi.S","PEG3","RNA_batch0",NA,NA,NA,FALSE
"logi.S","PWAR6","RNA_batch0",NA,NA,NA,FALSE
"logi.S","FAM50B","RNA_batch0",NA,NA,NA,FALSE
"logi.S","NDN","RNA_batch0",NA,NA,NA,FALSE
"logi.S","SNURF","RNA_batch0",NA,NA,NA,FALSE
"logi.S","PEG10","RNA_batch0",NA,NA,NA,FALSE
"logi.S","SNRPN","RNA_batch0",NA,NA,NA,FALSE
"logi.S","KCNQ1OT1","RNA_batch0",1.12252793994378,0.274891362329361,NA,TRUE
"logi.S","ZDBF2","RNA_batch0",NA,NA,NA,FALSE
"logi.S","GRB10","RNA_batch0",0.0508429252040274,0.827903372138622,NA,TRUE
"logi.S","SNORD116-20","RNA_batch0",NA,NA,NA,FALSE
"logi.S","KCNK9","RNA_batch0",-0.477365631138782,0.322006123893877,NA,TRUE
"logi.S","INPP5F","RNA_batch0",NA,NA,NA,FALSE
"logi.S","RP13-487P22.1","RNA_batch0",NA,NA,NA,FALSE
"logi.S","MEST","RNA_batch0",0.0267572593345812,0.866019269276921,NA,TRUE
"logi.S","ZNF331","RNA_batch0",NA,NA,NA,FALSE
"logi.S","hsa-mir-335","RNA_batch0",-0.31299394258749,0.60835150218687,NA,TRUE
"logi.S","DIRAS3","RNA_batch0",NA,NA,NA,FALSE
"logi.S","PWRN1","RNA_batch0",0.906188276407321,0.251228606592466,NA,TRUE
"logi.S","IGF2","RNA_batch0",0.300751227274089,0.434132518898175,NA,TRUE
"logi.S","NLRP2","RNA_batch0",NA,NA,NA,FALSE
"logi.S","UBE3A","RNA_batch0",-0.463547970822628,0.390654919889151,NA,TRUE
"logi.S","MAGEL2","Ancestry.1",NA,NA,NA,FALSE
"logi.S","TMEM261P1","Ancestry.1",NA,NA,NA,FALSE
"logi.S","SNHG14","Ancestry.1",NA,NA,NA,FALSE
"logi.S","AL132709.5","Ancestry.1",NA,NA,NA,FALSE
"logi.S","RP11-909M7.3","Ancestry.1",NA,NA,NA,FALSE
"logi.S","ZIM2","Ancestry.1",NA,NA,NA,FALSE
"logi.S","NAP1L5","Ancestry.1",NA,NA,NA,FALSE
"logi.S","MEG3","Ancestry.1",NA,NA,NA,FALSE
"logi.S","PEG3","Ancestry.1",NA,NA,NA,FALSE
"logi.S","PWAR6","Ancestry.1",NA,NA,NA,FALSE
"logi.S","FAM50B","Ancestry.1",NA,NA,NA,FALSE
"logi.S","NDN","Ancestry.1",NA,NA,NA,FALSE
"logi.S","SNURF","Ancestry.1",NA,NA,NA,FALSE
"logi.S","PEG10","Ancestry.1",NA,NA,NA,FALSE
"logi.S","SNRPN","Ancestry.1",NA,NA,NA,FALSE
"logi.S","KCNQ1OT1","Ancestry.1",-0.339268623239429,0.767842866769431,0.8802,TRUE
"logi.S","ZDBF2","Ancestry.1",NA,NA,NA,FALSE
"logi.S","GRB10","Ancestry.1",-1.05112506134552,0.206773345886142,0.3632,TRUE
"logi.S","SNORD116-20","Ancestry.1",NA,NA,NA,FALSE
"logi.S","KCNK9","Ancestry.1",-1.36770262249312,0.526419685814695,0.6402,TRUE
"logi.S","INPP5F","Ancestry.1",NA,NA,NA,FALSE
"logi.S","RP13-487P22.1","Ancestry.1",NA,NA,NA,FALSE
"logi.S","MEST","Ancestry.1",-0.377766451816443,0.481310083803462,0.6576,TRUE
"logi.S","ZNF331","Ancestry.1",NA,NA,NA,FALSE
"logi.S","hsa-mir-335","Ancestry.1",-1.9236630197189,0.390465812683799,0.5198,TRUE
"logi.S","DIRAS3","Ancestry.1",NA,NA,NA,FALSE
"logi.S","PWRN1","Ancestry.1",-6.94582956335514,0.00173830697950381,0.0218,TRUE
"logi.S","IGF2","Ancestry.1",2.55061742660022,0.0103644947780248,0.1062,TRUE
"logi.S","NLRP2","Ancestry.1",NA,NA,NA,FALSE
"logi.S","UBE3A","Ancestry.1",-4.71871067105094,0.000195956802617231,0.0494,TRUE
"logi.S","MAGEL2","Ancestry.2",NA,NA,NA,FALSE
"logi.S","TMEM261P1","Ancestry.2",NA,NA,NA,FALSE
"logi.S","SNHG14","Ancestry.2",NA,NA,NA,FALSE
"logi.S","AL132709.5","Ancestry.2",NA,NA,NA,FALSE
"logi.S","RP11-909M7.3","Ancestry.2",NA,NA,NA,FALSE
"logi.S","ZIM2","Ancestry.2",NA,NA,NA,FALSE
"logi.S","NAP1L5","Ancestry.2",NA,NA,NA,FALSE
"logi.S","MEG3","Ancestry.2",NA,NA,NA,FALSE
"logi.S","PEG3","Ancestry.2",NA,NA,NA,FALSE
"logi.S","PWAR6","Ancestry.2",NA,NA,NA,FALSE
"logi.S","FAM50B","Ancestry.2",NA,NA,NA,FALSE
"logi.S","NDN","Ancestry.2",NA,NA,NA,FALSE
"logi.S","SNURF","Ancestry.2",NA,NA,NA,FALSE
"logi.S","PEG10","Ancestry.2",NA,NA,NA,FALSE
"logi.S","SNRPN","Ancestry.2",NA,NA,NA,FALSE
"logi.S","KCNQ1OT1","Ancestry.2",1.25169174967629,0.2970661010908,NA,TRUE
"logi.S","ZDBF2","Ancestry.2",NA,NA,NA,FALSE
"logi.S","GRB10","Ancestry.2",-1.26607058082575,0.185611167493674,NA,TRUE
"logi.S","SNORD116-20","Ancestry.2",NA,NA,NA,FALSE
"logi.S","KCNK9","Ancestry.2",2.88675074344455,0.323660115504773,NA,TRUE
"logi.S","INPP5F","Ancestry.2",NA,NA,NA,FALSE
"logi.S","RP13-487P22.1","Ancestry.2",NA,NA,NA,FALSE
"logi.S","MEST","Ancestry.2",-0.197617578537013,0.746849940483206,NA,TRUE
"logi.S","ZNF331","Ancestry.2",NA,NA,NA,FALSE
"logi.S","hsa-mir-335","Ancestry.2",2.23041091647611,0.313369249764642,NA,TRUE
"logi.S","DIRAS3","Ancestry.2",NA,NA,NA,FALSE
"logi.S","PWRN1","Ancestry.2",-1.42857821043368,0.329782621001558,NA,TRUE
"logi.S","IGF2","Ancestry.2",3.21639140263491,0.00574099733826881,NA,TRUE
"logi.S","NLRP2","Ancestry.2",NA,NA,NA,FALSE
"logi.S","UBE3A","Ancestry.2",1.96432566366507,0.434542293690084,NA,TRUE
"logi.S","MAGEL2","Ancestry.3",NA,NA,NA,FALSE
"logi.S","TMEM261P1","Ancestry.3",NA,NA,NA,FALSE
"logi.S","SNHG14","Ancestry.3",NA,NA,NA,FALSE
"logi.S","AL132709.5","Ancestry.3",NA,NA,NA,FALSE
"logi.S","RP11-909M7.3","Ancestry.3",NA,NA,NA,FALSE
"logi.S","ZIM2","Ancestry.3",NA,NA,NA,FALSE
"logi.S","NAP1L5","Ancestry.3",NA,NA,NA,FALSE
"logi.S","MEG3","Ancestry.3",NA,NA,NA,FALSE
"logi.S","PEG3","Ancestry.3",NA,NA,NA,FALSE
"logi.S","PWAR6","Ancestry.3",NA,NA,NA,FALSE
"logi.S","FAM50B","Ancestry.3",NA,NA,NA,FALSE
"logi.S","NDN","Ancestry.3",NA,NA,NA,FALSE
"logi.S","SNURF","Ancestry.3",NA,NA,NA,FALSE
"logi.S","PEG10","Ancestry.3",NA,NA,NA,FALSE
"logi.S","SNRPN","Ancestry.3",NA,NA,NA,FALSE
"logi.S","KCNQ1OT1","Ancestry.3",-4.67846959923865,0.0208876675429399,NA,TRUE
"logi.S","ZDBF2","Ancestry.3",NA,NA,NA,FALSE
"logi.S","GRB10","Ancestry.3",0.079019063366979,0.930960416160373,NA,TRUE
"logi.S","SNORD116-20","Ancestry.3",NA,NA,NA,FALSE
"logi.S","KCNK9","Ancestry.3",-3.13779194898771,0.340946917955952,NA,TRUE
"logi.S","INPP5F","Ancestry.3",NA,NA,NA,FALSE
"logi.S","RP13-487P22.1","Ancestry.3",NA,NA,NA,FALSE
"logi.S","MEST","Ancestry.3",-0.809427403791268,0.158046342192849,NA,TRUE
"logi.S","ZNF331","Ancestry.3",NA,NA,NA,FALSE
"logi.S","hsa-mir-335","Ancestry.3",4.86236373909561,0.127454713693625,NA,TRUE
"logi.S","DIRAS3","Ancestry.3",NA,NA,NA,FALSE
"logi.S","PWRN1","Ancestry.3",1.43110669909442,0.57998713412267,NA,TRUE
"logi.S","IGF2","Ancestry.3",-3.08069870940054,0.0429070231335377,NA,TRUE
"logi.S","NLRP2","Ancestry.3",NA,NA,NA,FALSE
"logi.S","UBE3A","Ancestry.3",2.78496791097495,0.000162128469414474,NA,TRUE
"logi.S","MAGEL2","Ancestry.4",NA,NA,NA,FALSE
"logi.S","TMEM261P1","Ancestry.4",NA,NA,NA,FALSE
"logi.S","SNHG14","Ancestry.4",NA,NA,NA,FALSE
"logi.S","AL132709.5","Ancestry.4",NA,NA,NA,FALSE
"logi.S","RP11-909M7.3","Ancestry.4",NA,NA,NA,FALSE
"logi.S","ZIM2","Ancestry.4",NA,NA,NA,FALSE
"logi.S","NAP1L5","Ancestry.4",NA,NA,NA,FALSE
"logi.S","MEG3","Ancestry.4",NA,NA,NA,FALSE
"logi.S","PEG3","Ancestry.4",NA,NA,NA,FALSE
"logi.S","PWAR6","Ancestry.4",NA,NA,NA,FALSE
"logi.S","FAM50B","Ancestry.4",NA,NA,NA,FALSE
"logi.S","NDN","Ancestry.4",NA,NA,NA,FALSE
"logi.S","SNURF","Ancestry.4",NA,NA,NA,FALSE
"logi.S","PEG10","Ancestry.4",NA,NA,NA,FALSE
"logi.S","SNRPN","Ancestry.4",NA,NA,NA,FALSE
"logi.S","KCNQ1OT1","Ancestry.4",-0.0349629070008513,0.975029771708805,NA,TRUE
"logi.S","ZDBF2","Ancestry.4",NA,NA,NA,FALSE
"logi.S","GRB10","Ancestry.4",0.741370296582647,0.419493905926752,NA,TRUE
"logi.S","SNORD116-20","Ancestry.4",NA,NA,NA,FALSE
"logi.S","KCNK9","Ancestry.4",1.02406157948954,0.672181114245901,NA,TRUE
"logi.S","INPP5F","Ancestry.4",NA,NA,NA,FALSE
"logi.S","RP13-487P22.1","Ancestry.4",NA,NA,NA,FALSE
"logi.S","MEST","Ancestry.4",-0.201143984916045,0.708885384139725,NA,TRUE
"logi.S","ZNF331","Ancestry.4",NA,NA,NA,FALSE
"logi.S","hsa-mir-335","Ancestry.4",5.00424174825127,0.0165958635819364,NA,TRUE
"logi.S","DIRAS3","Ancestry.4",NA,NA,NA,FALSE
"logi.S","PWRN1","Ancestry.4",3.54742555227496,0.0557445115996487,NA,TRUE
"logi.S","IGF2","Ancestry.4",-0.5430092709199,0.599243963420275,NA,TRUE
"logi.S","NLRP2","Ancestry.4",NA,NA,NA,FALSE
"logi.S","UBE3A","Ancestry.4",-0.628407187273241,0.831711435176977,NA,TRUE
"logi.S","MAGEL2","Ancestry.5",NA,NA,NA,FALSE
"logi.S","TMEM261P1","Ancestry.5",NA,NA,NA,FALSE
"logi.S","SNHG14","Ancestry.5",NA,NA,NA,FALSE
"logi.S","AL132709.5","Ancestry.5",NA,NA,NA,FALSE
"logi.S","RP11-909M7.3","Ancestry.5",NA,NA,NA,FALSE
"logi.S","ZIM2","Ancestry.5",NA,NA,NA,FALSE
"logi.S","NAP1L5","Ancestry.5",NA,NA,NA,FALSE
"logi.S","MEG3","Ancestry.5",NA,NA,NA,FALSE
"logi.S","PEG3","Ancestry.5",NA,NA,NA,FALSE
"logi.S","PWAR6","Ancestry.5",NA,NA,NA,FALSE
"logi.S","FAM50B","Ancestry.5",NA,NA,NA,FALSE
"logi.S","NDN","Ancestry.5",NA,NA,NA,FALSE
"logi.S","SNURF","Ancestry.5",NA,NA,NA,FALSE
"logi.S","PEG10","Ancestry.5",NA,NA,NA,FALSE
"logi.S","SNRPN","Ancestry.5",NA,NA,NA,FALSE
"logi.S","KCNQ1OT1","Ancestry.5",-3.74566352328965,0.00712499019427464,NA,TRUE
"logi.S","ZDBF2","Ancestry.5",NA,NA,NA,FALSE
"logi.S","GRB10","Ancestry.5",1.42842894179313,0.0264102583826017,NA,TRUE
"logi.S","SNORD116-20","Ancestry.5",NA,NA,NA,FALSE
"logi.S","KCNK9","Ancestry.5",2.17586611036635,0.591557690466502,NA,TRUE
"logi.S","INPP5F","Ancestry.5",NA,NA,NA,FALSE
"logi.S","RP13-487P22.1","Ancestry.5",NA,NA,NA,FALSE
"logi.S","MEST","Ancestry.5",-0.986736602371203,0.112396993697395,NA,TRUE
"logi.S","ZNF331","Ancestry.5",NA,NA,NA,FALSE
"logi.S","hsa-mir-335","Ancestry.5",-2.55988250766933,0.338106597666117,NA,TRUE
"logi.S","DIRAS3","Ancestry.5",NA,NA,NA,FALSE
"logi.S","PWRN1","Ancestry.5",-3.28999139955888,0.339299055773439,NA,TRUE
"logi.S","IGF2","Ancestry.5",0.59537605261813,0.68098273658959,NA,TRUE
"logi.S","NLRP2","Ancestry.5",NA,NA,NA,FALSE
"logi.S","UBE3A","Ancestry.5",-0.656179694893318,0.629062831630074,NA,TRUE
